,c,h,l,o,s,t,v
0,58.82,59.64,58.56,58.72,ok,2015-04-13 13:30:00,920100
1,57.62,59.6,57.26,59.44,ok,2015-04-14 13:30:00,1253200
2,56.77,58.0,56.59,57.94,ok,2015-04-15 13:30:00,1839500
3,56.11,56.99,56.05,56.78,ok,2015-04-16 13:30:00,1237100
4,55.28,55.99,54.8,55.92,ok,2015-04-17 13:30:00,2170800
5,56.49,56.82,55.46,55.67,ok,2015-04-20 13:30:00,1239500
6,56.53,57.19,56.28,56.8,ok,2015-04-21 13:30:00,1114400
7,56.79,56.93,56.2,56.54,ok,2015-04-22 13:30:00,915100
8,56.84,57.43,56.4,56.96,ok,2015-04-23 13:30:00,958300
9,56.59,57.38,56.55,57.1,ok,2015-04-24 13:30:00,545100
10,56.28,57.04,56.26,56.84,ok,2015-04-27 13:30:00,950400
11,55.79,56.3,55.37,56.11,ok,2015-04-28 13:30:00,686000
12,54.88,55.73,54.41,55.58,ok,2015-04-29 13:30:00,670300
13,54.26,55.3,53.92,54.7,ok,2015-04-30 13:30:00,1020800
14,55.28,55.56,54.25,54.46,ok,2015-05-01 13:30:00,719300
15,55.41,55.75,55.24,55.37,ok,2015-05-04 13:30:00,670400
16,54.81,55.77,54.59,55.58,ok,2015-05-05 13:30:00,892300
17,54.34,55.1,54.19,54.93,ok,2015-05-06 13:30:00,952900
18,55.35,55.89,54.92,54.92,ok,2015-05-07 13:30:00,1040100
19,55.62,56.54,55.61,55.91,ok,2015-05-08 13:30:00,608800
20,55.99,56.32,55.45,55.54,ok,2015-05-11 13:30:00,599700
21,55.61,55.85,54.66,55.54,ok,2015-05-12 13:30:00,589300
22,55.93,56.94,55.52,56.2,ok,2015-05-13 13:30:00,958300
23,55.66,56.03,55.2,55.94,ok,2015-05-14 13:30:00,812900
24,55.99,56.32,55.63,55.73,ok,2015-05-15 13:30:00,948100
25,56.29,56.81,55.94,56.18,ok,2015-05-18 13:30:00,1740700
26,53.43,55.2,52.06,53.78,ok,2015-05-19 13:30:00,4991400
27,53.56,53.96,52.95,53.6,ok,2015-05-20 13:30:00,1731500
28,54.02,54.25,52.85,53.5,ok,2015-05-21 13:30:00,1014100
29,54.19,54.37,53.66,53.94,ok,2015-05-22 13:30:00,867200
30,53.64,54.27,53.39,54.09,ok,2015-05-26 13:30:00,948500
31,53.74,54.24,53.65,53.87,ok,2015-05-27 13:30:00,901400
32,54.06,54.1,53.58,53.83,ok,2015-05-28 13:30:00,586200
33,53.72,54.18,53.53,54.04,ok,2015-05-29 13:30:00,647800
34,53.41,54.27,53.28,54.08,ok,2015-06-01 13:30:00,1017000
35,53.38,53.94,53.28,53.3,ok,2015-06-02 13:30:00,750200
36,54.0,54.41,53.18,53.48,ok,2015-06-03 13:30:00,1166400
37,54.13,54.18,53.63,53.73,ok,2015-06-04 13:30:00,929700
38,54.18,54.4,53.51,54.13,ok,2015-06-05 13:30:00,529200
39,54.05,54.48,53.82,54.29,ok,2015-06-08 13:30:00,768700
40,53.51,54.29,53.36,53.87,ok,2015-06-09 13:30:00,1145700
41,52.9,53.71,52.88,53.45,ok,2015-06-10 13:30:00,1783900
42,53.63,53.89,52.86,52.98,ok,2015-06-11 13:30:00,1088900
43,53.95,53.98,53.14,53.58,ok,2015-06-12 13:30:00,874600
44,53.96,54.07,53.25,53.46,ok,2015-06-15 13:30:00,848100
45,53.37,54.15,53.3,53.97,ok,2015-06-16 13:30:00,751500
46,52.97,53.63,52.69,53.31,ok,2015-06-17 13:30:00,846500
47,53.21,53.75,53.05,53.05,ok,2015-06-18 13:30:00,1182400
48,52.86,53.75,52.83,53.24,ok,2015-06-19 13:30:00,1232300
49,52.97,53.31,52.33,53.15,ok,2015-06-22 13:30:00,972200
50,52.5,53.28,52.43,53.13,ok,2015-06-23 13:30:00,958100
51,52.15,52.71,51.43,52.51,ok,2015-06-24 13:30:00,1210200
52,52.28,52.57,52.16,52.25,ok,2015-06-25 13:30:00,742500
53,52.93,53.33,52.3,52.4,ok,2015-06-26 13:30:00,1772700
54,51.55,52.8,51.5,52.43,ok,2015-06-29 13:30:00,610200
55,51.77,52.17,51.5,51.87,ok,2015-06-30 13:30:00,994500
56,51.82,52.35,51.65,52.24,ok,2015-07-01 13:30:00,972100
57,51.21,51.99,51.18,51.99,ok,2015-07-02 13:30:00,881800
58,52.02,52.11,50.63,50.85,ok,2015-07-06 13:30:00,1257800
59,52.09,52.42,51.22,52.15,ok,2015-07-07 13:30:00,1433500
60,51.6,52.68,51.38,52.22,ok,2015-07-08 13:30:00,1388600
61,50.39,51.99,49.93,51.99,ok,2015-07-09 13:30:00,2021500
62,51.19,51.32,50.66,50.77,ok,2015-07-10 13:30:00,806800
63,51.82,52.2,51.55,51.64,ok,2015-07-13 13:30:00,879200
64,51.8,52.29,51.68,51.89,ok,2015-07-14 13:30:00,1003300
65,51.79,52.15,51.42,51.81,ok,2015-07-15 13:30:00,882000
66,52.4,52.54,51.68,51.95,ok,2015-07-16 13:30:00,1180900
67,51.47,52.32,51.42,52.32,ok,2015-07-17 13:30:00,1373500
68,50.84,52.02,50.77,51.43,ok,2015-07-20 13:30:00,1502400
69,50.46,51.2,50.43,50.87,ok,2015-07-21 13:30:00,1202600
70,51.23,51.27,50.2,50.46,ok,2015-07-22 13:30:00,803800
71,50.42,51.65,50.37,51.33,ok,2015-07-23 13:30:00,1133200
72,49.87,50.54,49.79,50.47,ok,2015-07-24 13:30:00,757100
73,49.24,49.94,49.0,49.49,ok,2015-07-27 13:30:00,1310400
74,49.71,49.82,48.79,49.38,ok,2015-07-28 13:30:00,1126800
75,50.47,50.56,49.65,49.67,ok,2015-07-29 13:30:00,983200
76,50.4,50.75,50.24,50.43,ok,2015-07-30 13:30:00,622900
77,50.98,51.09,50.15,50.52,ok,2015-07-31 13:30:00,787100
78,50.63,51.22,50.36,51.01,ok,2015-08-03 13:30:00,706700
79,51.55,52.24,50.34,50.79,ok,2015-08-04 13:30:00,1560300
80,52.0,52.4,51.65,51.77,ok,2015-08-05 13:30:00,1073100
81,50.0,52.22,49.92,51.9,ok,2015-08-06 13:30:00,1669800
82,50.06,50.23,49.43,49.77,ok,2015-08-07 13:30:00,1105700
83,51.41,51.74,50.35,50.35,ok,2015-08-10 13:30:00,1611700
84,50.93,51.9,50.64,50.65,ok,2015-08-11 13:30:00,1614600
85,50.82,51.01,49.65,50.51,ok,2015-08-12 13:30:00,1344700
86,50.44,51.02,49.61,50.31,ok,2015-08-13 13:30:00,2088700
87,50.4,51.06,50.14,50.49,ok,2015-08-14 13:30:00,1703500
88,50.7,51.25,50.04,50.4,ok,2015-08-17 13:30:00,3759200
89,52.61,53.83,51.41,52.93,ok,2015-08-18 13:30:00,4790300
90,53.41,53.49,52.02,52.7,ok,2015-08-19 13:30:00,2153000
91,51.55,52.95,51.49,52.79,ok,2015-08-20 13:30:00,2355800
92,49.44,51.35,49.4,50.88,ok,2015-08-21 13:30:00,2246600
93,47.09,48.72,44.94,45.34,ok,2015-08-24 13:30:00,3265400
94,46.99,48.61,46.91,48.25,ok,2015-08-25 13:30:00,1975200
95,47.7,48.19,46.92,47.93,ok,2015-08-26 13:30:00,2729500
96,49.6,49.82,48.38,48.53,ok,2015-08-27 13:30:00,2262200
97,50.4,50.57,49.03,49.6,ok,2015-08-28 13:30:00,1886800
98,50.13,50.6,49.85,50.3,ok,2015-08-31 13:30:00,1084800
99,49.3,50.2,49.17,49.28,ok,2015-09-01 13:30:00,1795400
100,50.18,50.23,49.3,49.74,ok,2015-09-02 13:30:00,917000
101,50.21,50.78,50.07,50.2,ok,2015-09-03 13:30:00,1104400
102,49.95,50.33,49.58,49.74,ok,2015-09-04 13:30:00,693100
103,51.4,51.48,50.46,50.72,ok,2015-09-08 13:30:00,1074000
104,50.42,51.84,50.34,51.4,ok,2015-09-09 13:30:00,1247200
105,50.23,50.99,49.98,50.33,ok,2015-09-10 13:30:00,1388100
106,50.8,50.94,49.65,50.03,ok,2015-09-11 13:30:00,884500
107,50.41,51.24,50.23,50.89,ok,2015-09-14 13:30:00,808800
108,50.81,51.05,50.05,50.47,ok,2015-09-15 13:30:00,899800
109,51.92,51.99,50.61,50.72,ok,2015-09-16 13:30:00,887900
110,51.35,52.22,51.12,51.83,ok,2015-09-17 13:30:00,1093500
111,49.98,51.25,49.82,50.5,ok,2015-09-18 13:30:00,2043100
112,49.86,50.79,49.68,50.11,ok,2015-09-21 13:30:00,1154100
113,49.31,49.65,48.99,49.42,ok,2015-09-22 13:30:00,1040100
114,49.29,49.59,48.81,49.28,ok,2015-09-23 13:30:00,946300
115,49.43,49.62,48.76,48.98,ok,2015-09-24 13:30:00,799100
116,49.2,50.14,49.1,49.93,ok,2015-09-25 13:30:00,792400
117,48.44,49.18,48.17,49.0,ok,2015-09-28 13:30:00,1289900
118,49.0,49.06,48.12,48.55,ok,2015-09-29 13:30:00,1881100
119,49.61,49.83,48.97,49.38,ok,2015-09-30 13:30:00,1373800
120,49.88,49.95,48.9,49.54,ok,2015-10-01 13:30:00,1789600
121,51.02,51.02,48.63,49.43,ok,2015-10-02 13:30:00,1510800
122,52.28,52.37,51.01,51.27,ok,2015-10-05 13:30:00,1226100
123,51.23,52.69,51.16,52.25,ok,2015-10-06 13:30:00,1194400
124,51.25,51.63,50.85,51.44,ok,2015-10-07 13:30:00,1458000
125,50.74,51.38,50.34,51.15,ok,2015-10-08 13:30:00,1492400
126,50.85,50.89,50.08,50.7,ok,2015-10-09 13:30:00,1204000
127,50.21,51.0,50.17,50.96,ok,2015-10-12 13:30:00,806800
128,49.28,50.39,49.02,50.0,ok,2015-10-13 13:30:00,1628900
129,47.08,49.4,46.77,49.29,ok,2015-10-14 13:30:00,2300800
130,46.75,47.85,46.13,47.28,ok,2015-10-15 13:30:00,4259400
131,47.8,47.85,46.6,47.0,ok,2015-10-16 13:30:00,3205800
132,47.67,48.14,47.32,47.63,ok,2015-10-19 13:30:00,1248900
133,47.26,48.16,47.14,47.82,ok,2015-10-20 13:30:00,1713300
134,46.05,47.54,45.98,47.44,ok,2015-10-21 13:30:00,1751100
135,43.55,46.7,43.16,46.05,ok,2015-10-22 13:30:00,5456700
136,42.02,44.06,41.83,43.98,ok,2015-10-23 13:30:00,5105000
137,44.17,44.4,42.19,42.19,ok,2015-10-26 13:30:00,3174300
138,43.22,44.29,42.61,43.95,ok,2015-10-27 13:30:00,2089700
139,44.64,44.75,43.31,43.5,ok,2015-10-28 13:30:00,1865200
140,43.93,44.8,43.15,44.62,ok,2015-10-29 13:30:00,1561400
141,44.55,44.67,43.89,44.25,ok,2015-10-30 13:30:00,2148900
142,44.52,44.6,43.15,43.91,ok,2015-11-02 14:30:00,2121200
143,44.88,45.39,44.69,44.69,ok,2015-11-03 14:30:00,1501700
144,44.16,45.05,43.83,44.87,ok,2015-11-04 14:30:00,1555100
145,44.2,44.85,43.84,44.24,ok,2015-11-05 14:30:00,2105300
146,44.13,44.42,43.77,44.15,ok,2015-11-06 14:30:00,1928700
147,44.21,44.38,43.49,44.11,ok,2015-11-09 14:30:00,1934600
148,44.8,44.9,43.85,43.88,ok,2015-11-10 14:30:00,2240200
149,43.76,44.69,43.63,44.64,ok,2015-11-11 14:30:00,2918500
150,42.78,43.17,42.01,43.03,ok,2015-11-12 14:30:00,2393500
151,41.17,41.9,40.77,41.5,ok,2015-11-13 14:30:00,3183000
152,40.81,41.05,39.92,40.76,ok,2015-11-16 14:30:00,4466900
153,36.96,37.22,33.42,34.35,ok,2015-11-17 14:30:00,22983700
154,37.15,37.52,36.24,36.89,ok,2015-11-18 14:30:00,7627600
155,37.61,38.06,37.03,37.17,ok,2015-11-19 14:30:00,4701100
156,38.98,39.02,37.36,38.12,ok,2015-11-20 14:30:00,4788800
157,39.31,39.63,38.9,39.0,ok,2015-11-23 14:30:00,6596200
158,39.84,39.87,39.01,39.16,ok,2015-11-24 14:30:00,3570400
159,39.45,40.01,39.38,39.8,ok,2015-11-25 14:30:00,1554100
160,39.55,39.86,39.0,39.7,ok,2015-11-27 14:30:00,1035700
161,39.03,39.68,38.6,39.58,ok,2015-11-30 14:30:00,3191000
162,39.14,39.67,39.01,39.37,ok,2015-12-01 14:30:00,2136100
163,38.95,39.58,38.73,38.78,ok,2015-12-02 14:30:00,2128100
164,38.05,39.35,37.74,39.0,ok,2015-12-03 14:30:00,2650000
165,38.48,38.83,37.81,38.06,ok,2015-12-04 14:30:00,1901800
166,37.59,38.48,37.3,38.48,ok,2015-12-07 14:30:00,1960200
167,38.31,38.32,37.21,37.29,ok,2015-12-08 14:30:00,2495200
168,37.61,38.75,37.44,37.81,ok,2015-12-09 14:30:00,2173700
169,37.8,38.18,37.18,37.54,ok,2015-12-10 14:30:00,2899700
170,37.04,37.46,36.73,37.38,ok,2015-12-11 14:30:00,2448100
171,36.71,37.4,36.37,37.06,ok,2015-12-14 14:30:00,1503100
172,37.14,37.75,36.82,36.99,ok,2015-12-15 14:30:00,1875100
173,37.16,37.59,36.83,37.25,ok,2015-12-16 14:30:00,1847500
174,36.19,37.4,36.09,37.26,ok,2015-12-17 14:30:00,1667100
175,35.66,36.52,35.64,35.94,ok,2015-12-18 14:30:00,3532800
176,35.67,36.06,35.4,35.8,ok,2015-12-21 14:30:00,1546100
177,36.3,36.45,35.42,35.82,ok,2015-12-22 14:30:00,1121300
178,36.63,36.68,35.98,36.42,ok,2015-12-23 14:30:00,953300
179,36.91,36.92,36.31,36.61,ok,2015-12-24 14:30:00,1158700
180,35.18,36.86,35.02,36.75,ok,2015-12-28 14:30:00,1857000
181,35.59,36.2,35.45,35.5,ok,2015-12-29 14:30:00,1346500
182,35.21,35.96,35.08,35.53,ok,2015-12-30 14:30:00,1190900
183,35.35,35.55,34.88,35.02,ok,2015-12-31 14:30:00,1731600
184,34.99,35.25,34.17,34.69,ok,2016-01-04 14:30:00,2597400
185,35.79,35.9,34.88,34.99,ok,2016-01-05 14:30:00,2592700
186,34.62,35.74,34.33,35.42,ok,2016-01-06 14:30:00,2679600
187,35.83,36.01,33.51,33.64,ok,2016-01-07 14:30:00,3904300
188,34.49,36.0,34.33,35.81,ok,2016-01-08 14:30:00,3141200
189,34.42,34.72,33.95,34.72,ok,2016-01-11 14:30:00,3696300
190,35.33,35.62,34.73,34.93,ok,2016-01-12 14:30:00,2026000
191,34.24,35.4,34.19,35.32,ok,2016-01-13 14:30:00,2010900
192,34.32,34.86,33.72,34.25,ok,2016-01-14 14:30:00,1738300
193,34.24,34.46,33.44,33.44,ok,2016-01-15 14:30:00,2415200
194,34.36,34.68,33.7,34.51,ok,2016-01-19 14:30:00,2583800
195,36.13,36.51,33.79,34.1,ok,2016-01-20 14:30:00,4085500
196,36.93,38.41,36.09,36.45,ok,2016-01-21 14:30:00,5066500
197,36.97,37.53,36.65,37.34,ok,2016-01-22 14:30:00,2340800
198,36.13,37.41,36.0,36.88,ok,2016-01-25 14:30:00,1625500
199,38.11,38.12,36.08,36.28,ok,2016-01-26 14:30:00,2690600
200,38.07,38.23,37.57,37.89,ok,2016-01-27 14:30:00,2659400
201,37.77,38.75,37.6,38.36,ok,2016-01-28 14:30:00,2125100
202,39.08,39.24,37.71,37.97,ok,2016-01-29 14:30:00,2020600
203,38.93,39.4,38.25,38.51,ok,2016-02-01 14:30:00,1306600
204,38.97,39.47,38.64,39.03,ok,2016-02-02 14:30:00,1790800
205,38.86,39.21,37.82,39.02,ok,2016-02-03 14:30:00,2077300
206,38.98,39.15,37.5,38.47,ok,2016-02-04 14:30:00,2850000
207,38.37,38.97,37.96,38.82,ok,2016-02-05 14:30:00,1529400
208,37.97,38.09,37.19,37.92,ok,2016-02-08 14:30:00,1126100
209,37.88,38.54,37.22,37.71,ok,2016-02-09 14:30:00,1267800
210,37.42,38.43,37.18,37.9,ok,2016-02-10 14:30:00,1450700
211,36.57,37.22,36.22,36.9,ok,2016-02-11 14:30:00,1261100
212,37.43,37.51,36.06,36.77,ok,2016-02-12 14:30:00,2019600
213,39.04,39.4,37.61,38.09,ok,2016-02-16 14:30:00,1506100
214,39.82,40.06,39.38,39.38,ok,2016-02-17 14:30:00,1071900
215,39.45,39.74,38.82,39.74,ok,2016-02-18 14:30:00,1080400
216,38.5,39.42,37.94,39.36,ok,2016-02-19 14:30:00,1624900
217,39.32,39.52,38.5,38.8,ok,2016-02-22 14:30:00,963100
218,40.43,41.1,39.36,39.46,ok,2016-02-23 14:30:00,2476000
219,42.02,42.23,40.0,40.5,ok,2016-02-24 14:30:00,2852300
220,42.82,42.92,41.28,42.1,ok,2016-02-25 14:30:00,1589100
221,42.87,43.01,41.94,42.97,ok,2016-02-26 14:30:00,1815800
222,42.47,43.42,42.45,42.86,ok,2016-02-29 14:30:00,1948200
223,43.25,43.32,41.8,42.75,ok,2016-03-01 14:30:00,2807700
224,43.33,43.39,41.84,43.25,ok,2016-03-02 14:30:00,2260700
225,43.49,43.7,42.55,42.97,ok,2016-03-03 14:30:00,2107000
226,43.72,44.35,43.1,43.3,ok,2016-03-04 14:30:00,1718500
227,44.34,44.38,43.48,43.57,ok,2016-03-07 14:30:00,2429700
228,44.56,45.58,41.85,42.27,ok,2016-03-08 14:30:00,7618400
229,45.5,46.14,44.57,44.83,ok,2016-03-09 14:30:00,3697900
230,45.47,46.16,44.9,45.55,ok,2016-03-10 14:30:00,2300500
231,46.44,46.45,45.66,45.66,ok,2016-03-11 14:30:00,2567700
232,46.71,46.75,46.07,46.3,ok,2016-03-14 13:30:00,1497800
233,45.36,46.58,45.17,46.2,ok,2016-03-15 13:30:00,2218500
234,45.48,45.6,44.76,45.02,ok,2016-03-16 13:30:00,1533000
235,46.69,46.91,45.34,45.42,ok,2016-03-17 13:30:00,1517200
236,47.74,47.83,46.79,47.0,ok,2016-03-18 13:30:00,2773400
237,47.39,48.06,47.31,47.56,ok,2016-03-21 13:30:00,1320500
238,47.22,47.79,46.86,47.48,ok,2016-03-22 13:30:00,1514500
239,46.63,47.21,46.23,46.78,ok,2016-03-23 13:30:00,1511900
240,46.71,47.06,46.47,46.56,ok,2016-03-24 13:30:00,1037000
241,47.11,47.53,46.86,46.94,ok,2016-03-28 13:30:00,1058100
242,47.22,47.49,46.81,47.04,ok,2016-03-29 13:30:00,2054700
243,46.99,47.47,46.47,47.28,ok,2016-03-30 13:30:00,1835800
244,46.75,47.28,46.35,47.08,ok,2016-03-31 13:30:00,2264700
245,47.09,47.25,46.25,46.7,ok,2016-04-01 13:30:00,1297700
246,46.12,47.44,45.59,46.99,ok,2016-04-04 13:30:00,1074900
247,45.49,46.06,45.03,45.96,ok,2016-04-05 13:30:00,2093300
248,45.87,46.18,45.33,45.7,ok,2016-04-06 13:30:00,1336800
249,44.98,45.8,44.53,45.5,ok,2016-04-07 13:30:00,1716100
250,44.64,45.49,44.22,45.07,ok,2016-04-08 13:30:00,1196300
251,43.95,45.01,43.91,44.57,ok,2016-04-11 13:30:00,1107700
252,44.39,44.62,43.38,43.95,ok,2016-04-12 13:30:00,1721800
253,44.96,45.26,44.31,44.49,ok,2016-04-13 13:30:00,1053100
254,45.08,45.36,44.57,44.93,ok,2016-04-14 13:30:00,1138300
255,46.26,46.5,44.87,44.91,ok,2016-04-15 13:30:00,1793200
256,46.9,47.17,46.08,46.16,ok,2016-04-18 13:30:00,1558100
257,47.03,47.47,46.57,46.91,ok,2016-04-19 13:30:00,1143000
258,46.26,47.14,46.11,47.14,ok,2016-04-20 13:30:00,879300
259,46.08,46.91,45.72,46.64,ok,2016-04-21 13:30:00,884800
260,46.12,46.26,45.63,46.11,ok,2016-04-22 13:30:00,1193900
261,45.72,45.99,45.47,45.99,ok,2016-04-25 13:30:00,736400
262,46.99,47.02,45.58,45.68,ok,2016-04-26 13:30:00,1135700
263,47.39,47.52,46.66,46.84,ok,2016-04-27 13:30:00,948900
264,46.66,47.29,46.52,47.0,ok,2016-04-28 13:30:00,724100
265,46.34,46.95,45.68,46.87,ok,2016-04-29 13:30:00,1180700
266,47.89,48.56,46.79,46.9,ok,2016-05-02 13:30:00,1783000
267,47.18,47.84,46.95,47.81,ok,2016-05-03 13:30:00,1275800
268,46.59,47.28,46.5,46.97,ok,2016-05-04 13:30:00,1253400
269,44.87,45.84,44.5,45.5,ok,2016-05-05 13:30:00,2456300
270,44.86,45.11,44.13,44.76,ok,2016-05-06 13:30:00,1244900
271,45.49,45.82,44.55,44.91,ok,2016-05-09 13:30:00,801900
272,45.38,45.82,45.07,45.49,ok,2016-05-10 13:30:00,1206100
273,41.96,44.73,41.87,44.73,ok,2016-05-11 13:30:00,4632200
274,42.06,42.37,41.59,41.82,ok,2016-05-12 13:30:00,3490900
275,40.7,42.38,40.47,41.86,ok,2016-05-13 13:30:00,5297900
276,39.91,40.3,39.54,39.92,ok,2016-05-16 13:30:00,5045500
277,39.53,40.46,39.31,40.05,ok,2016-05-17 13:30:00,3100400
278,38.1,39.12,37.96,39.0,ok,2016-05-18 13:30:00,4777100
279,41.36,42.23,40.19,41.0,ok,2016-05-19 13:30:00,8619900
280,43.48,43.55,41.75,42.42,ok,2016-05-20 13:30:00,6038100
281,42.07,43.45,42.05,43.35,ok,2016-05-23 13:30:00,2321900
282,42.61,43.1,41.93,42.34,ok,2016-05-24 13:30:00,1869100
283,43.29,43.4,42.62,42.62,ok,2016-05-25 13:30:00,1270200
284,42.71,43.75,42.68,43.51,ok,2016-05-26 13:30:00,1597400
285,43.09,43.29,42.56,42.72,ok,2016-05-27 13:30:00,1042000
286,42.9,43.32,42.58,43.15,ok,2016-05-31 13:30:00,1731300
287,43.02,43.08,42.5,42.64,ok,2016-06-01 13:30:00,943300
288,43.24,43.42,42.75,42.85,ok,2016-06-02 13:30:00,996400
289,43.11,43.37,42.55,43.24,ok,2016-06-03 13:30:00,829500
290,42.35,43.54,42.02,43.11,ok,2016-06-06 13:30:00,1848300
291,42.88,43.09,42.2,42.43,ok,2016-06-07 13:30:00,994500
292,42.91,43.06,42.74,42.76,ok,2016-06-08 13:30:00,654300
293,42.43,43.03,42.18,42.72,ok,2016-06-09 13:30:00,777200
294,41.82,42.02,41.26,41.82,ok,2016-06-10 13:30:00,722700
295,40.47,41.95,40.37,41.81,ok,2016-06-13 13:30:00,2042700
296,40.31,40.75,39.91,40.46,ok,2016-06-14 13:30:00,1347400
297,40.83,41.79,40.36,40.36,ok,2016-06-15 13:30:00,1431400
298,40.48,40.88,40.33,40.73,ok,2016-06-16 13:30:00,654200
299,40.72,41.24,40.25,40.32,ok,2016-06-17 13:30:00,1413500
300,40.89,41.64,40.8,41.31,ok,2016-06-20 13:30:00,1067000
301,40.87,41.3,40.77,41.03,ok,2016-06-21 13:30:00,1472400
302,40.49,41.28,40.47,40.95,ok,2016-06-22 13:30:00,735300
303,40.79,41.1,40.08,40.85,ok,2016-06-23 13:30:00,843700
304,41.3,41.58,40.0,40.27,ok,2016-06-24 13:30:00,2043900
305,40.07,41.01,39.54,40.97,ok,2016-06-27 13:30:00,1650900
306,41.51,42.1,40.8,41.1,ok,2016-06-28 13:30:00,3645700
307,43.29,43.47,42.2,42.2,ok,2016-06-29 13:30:00,1775300
308,45.06,45.91,42.85,43.29,ok,2016-06-30 13:30:00,4149300
309,46.09,46.33,45.22,45.23,ok,2016-07-01 13:30:00,2974100
310,46.4,46.52,45.63,45.91,ok,2016-07-05 13:30:00,2089500
311,47.37,47.42,46.13,46.24,ok,2016-07-06 13:30:00,2985800
312,46.87,47.77,46.71,47.33,ok,2016-07-07 13:30:00,1797200
313,48.5,48.61,47.44,47.44,ok,2016-07-08 13:30:00,1878300
314,48.47,48.8,48.22,48.39,ok,2016-07-11 13:30:00,1950100
315,48.75,48.98,48.55,48.68,ok,2016-07-12 13:30:00,2041800
316,48.68,49.12,48.43,48.9,ok,2016-07-13 13:30:00,1585300
317,49.97,50.64,49.56,49.65,ok,2016-07-14 13:30:00,4303100
318,49.34,50.42,49.33,50.16,ok,2016-07-15 13:30:00,1405100
319,50.15,50.74,49.55,49.55,ok,2016-07-18 13:30:00,2115700
320,49.83,50.23,49.54,50.08,ok,2016-07-19 13:30:00,1227500
321,50.1,50.32,49.79,50.04,ok,2016-07-20 13:30:00,1009400
322,49.8,50.33,49.68,50.11,ok,2016-07-21 13:30:00,940100
323,50.37,50.59,49.5,49.51,ok,2016-07-22 13:30:00,1029700
324,50.46,50.87,50.19,50.29,ok,2016-07-25 13:30:00,1195500
325,50.69,51.12,50.07,50.17,ok,2016-07-26 13:30:00,1197500
326,50.19,50.98,49.95,50.73,ok,2016-07-27 13:30:00,1192600
327,50.75,51.03,49.76,50.24,ok,2016-07-28 13:30:00,1785800
328,51.29,51.42,50.34,50.71,ok,2016-07-29 13:30:00,1416200
329,50.85,51.5,50.66,51.25,ok,2016-08-01 13:30:00,1492200
330,50.36,51.12,49.93,51.11,ok,2016-08-02 13:30:00,1142000
331,51.42,52.3,50.68,50.86,ok,2016-08-03 13:30:00,2602600
332,51.83,51.95,50.96,51.41,ok,2016-08-04 13:30:00,2371200
333,53.5,54.1,52.72,52.9,ok,2016-08-05 13:30:00,2757500
334,53.72,54.14,53.31,53.75,ok,2016-08-08 13:30:00,1313000
335,53.6,53.96,53.36,53.64,ok,2016-08-09 13:30:00,1260000
336,53.7,54.74,53.49,54.17,ok,2016-08-10 13:30:00,2220500
337,54.6,55.0,53.76,54.05,ok,2016-08-11 13:30:00,2001600
338,54.73,55.56,52.32,52.4,ok,2016-08-12 13:30:00,3758000
339,54.89,55.48,54.73,54.75,ok,2016-08-15 13:30:00,3324500
340,58.76,60.4,58.03,59.19,ok,2016-08-16 13:30:00,11850400
341,57.63,58.95,57.61,58.11,ok,2016-08-17 13:30:00,3798100
342,58.4,58.43,57.17,57.86,ok,2016-08-18 13:30:00,2638100
343,58.84,59.1,57.8,58.33,ok,2016-08-19 13:30:00,2259200
344,58.88,59.19,58.28,59.03,ok,2016-08-22 13:30:00,1754100
345,58.85,59.28,58.72,59.22,ok,2016-08-23 13:30:00,1326300
346,58.6,58.99,58.46,58.9,ok,2016-08-24 13:30:00,1502000
347,58.72,58.93,58.45,58.6,ok,2016-08-25 13:30:00,1242900
348,58.63,58.97,58.4,58.7,ok,2016-08-26 13:30:00,1296400
349,59.11,59.56,58.59,58.73,ok,2016-08-29 13:30:00,1042100
350,58.8,59.11,58.54,59.11,ok,2016-08-30 13:30:00,787300
351,58.6,59.1,58.07,59.0,ok,2016-08-31 13:30:00,1364500
352,58.79,58.88,58.1,58.7,ok,2016-09-01 13:30:00,1239000
353,59.03,59.41,58.27,58.82,ok,2016-09-02 13:30:00,967600
354,59.52,59.56,58.8,59.05,ok,2016-09-06 13:30:00,1434200
355,59.02,59.36,58.59,59.17,ok,2016-09-07 13:30:00,2240900
356,59.65,59.98,58.6,58.79,ok,2016-09-08 13:30:00,1851500
357,58.94,59.69,58.94,59.2,ok,2016-09-09 13:30:00,1689300
358,59.99,60.17,58.36,58.67,ok,2016-09-12 13:30:00,1593800
359,58.2,59.94,58.16,59.59,ok,2016-09-13 13:30:00,2847000
360,58.65,59.05,58.18,58.45,ok,2016-09-14 13:30:00,1406800
361,60.36,60.55,59.17,59.73,ok,2016-09-15 13:30:00,2165400
362,60.44,60.87,60.14,60.26,ok,2016-09-16 13:30:00,1689000
363,60.83,61.61,60.56,60.59,ok,2016-09-19 13:30:00,1634100
364,60.8,61.24,60.56,61.07,ok,2016-09-20 13:30:00,975700
365,61.52,61.61,60.68,60.74,ok,2016-09-21 13:30:00,1228100
366,61.59,61.94,61.06,61.6,ok,2016-09-22 13:30:00,1334300
367,60.52,61.71,60.51,61.27,ok,2016-09-23 13:30:00,1686400
368,60.01,60.47,59.6,60.45,ok,2016-09-26 13:30:00,1900100
369,60.42,60.48,59.78,59.95,ok,2016-09-27 13:30:00,1687300
370,59.13,61.0,58.91,60.49,ok,2016-09-28 13:30:00,1634500
371,56.57,58.0,56.5,57.99,ok,2016-09-29 13:30:00,4357300
372,56.72,57.7,56.12,57.63,ok,2016-09-30 13:30:00,3048700
373,55.93,57.09,55.85,56.85,ok,2016-10-03 13:30:00,1948200
374,56.02,56.62,55.64,56.34,ok,2016-10-04 13:30:00,1432100
375,56.71,57.15,56.27,56.36,ok,2016-10-05 13:30:00,1544400
376,58.12,58.19,55.76,56.63,ok,2016-10-06 13:30:00,2429700
377,57.71,58.41,57.44,58.16,ok,2016-10-07 13:30:00,1642500
378,57.63,58.63,57.08,57.71,ok,2016-10-10 13:30:00,1334900
379,57.06,57.49,56.74,57.01,ok,2016-10-11 13:30:00,1055200
380,56.84,57.36,56.83,57.3,ok,2016-10-12 13:30:00,867700
381,55.92,56.76,55.36,56.6,ok,2016-10-13 13:30:00,1334600
382,56.46,56.9,56.1,56.31,ok,2016-10-14 13:30:00,1334500
383,55.72,56.56,55.69,56.35,ok,2016-10-17 13:30:00,819900
384,55.8,56.18,55.55,55.97,ok,2016-10-18 13:30:00,808000
385,57.07,57.17,55.68,56.0,ok,2016-10-19 13:30:00,917200
386,56.71,57.28,56.63,57.27,ok,2016-10-20 13:30:00,810900
387,56.78,56.89,56.23,56.39,ok,2016-10-21 13:30:00,1221000
388,57.81,58.35,57.56,58.35,ok,2016-10-24 13:30:00,1295300
389,55.07,57.29,55.04,56.3,ok,2016-10-25 13:30:00,2532600
390,55.24,55.62,54.69,55.02,ok,2016-10-26 13:30:00,1591100
391,54.76,55.27,54.35,55.18,ok,2016-10-27 13:30:00,1316000
392,55.41,56.07,54.51,54.55,ok,2016-10-28 13:30:00,2263000
393,55.65,55.84,55.18,55.67,ok,2016-10-31 13:30:00,1448000
394,54.67,55.49,54.63,55.12,ok,2016-11-01 13:30:00,1946500
395,56.42,57.0,54.71,54.71,ok,2016-11-02 13:30:00,2577500
396,56.31,57.17,56.19,56.76,ok,2016-11-03 13:30:00,1773800
397,56.72,57.34,55.76,56.68,ok,2016-11-04 13:30:00,1704300
398,58.31,58.38,57.51,57.72,ok,2016-11-07 14:30:00,2030200
399,57.8,58.24,57.28,58.14,ok,2016-11-08 14:30:00,1466400
400,58.51,58.88,56.72,56.99,ok,2016-11-09 14:30:00,2003600
401,59.3,60.56,58.56,59.24,ok,2016-11-10 14:30:00,2394900
402,59.44,59.91,58.18,59.4,ok,2016-11-11 14:30:00,1898900
403,60.89,62.88,60.0,61.04,ok,2016-11-14 14:30:00,6155100
404,56.71,57.53,54.26,57.14,ok,2016-11-15 14:30:00,10208200
405,57.8,58.9,56.45,57.08,ok,2016-11-16 14:30:00,5236900
406,58.78,58.8,57.37,58.0,ok,2016-11-17 14:30:00,2611400
407,58.02,59.25,57.58,58.45,ok,2016-11-18 14:30:00,2157600
408,58.88,59.44,58.14,58.14,ok,2016-11-21 14:30:00,2007300
409,60.11,60.18,58.52,58.85,ok,2016-11-22 14:30:00,1457100
410,59.91,60.47,59.61,59.75,ok,2016-11-23 14:30:00,1502400
411,60.23,60.37,59.95,60.35,ok,2016-11-25 14:30:00,398800
412,59.23,60.37,59.19,60.05,ok,2016-11-28 14:30:00,1761300
413,60.18,60.82,59.61,59.61,ok,2016-11-29 14:30:00,1400200
414,59.07,60.28,59.01,59.87,ok,2016-11-30 14:30:00,1785600
415,59.12,60.11,58.41,58.99,ok,2016-12-01 14:30:00,1714400
416,58.86,59.55,58.55,59.03,ok,2016-12-02 14:30:00,1552800
417,61.11,61.33,59.22,59.31,ok,2016-12-05 14:30:00,1686400
418,61.16,61.28,60.19,61.12,ok,2016-12-06 14:30:00,1224700
419,62.25,62.27,60.38,60.84,ok,2016-12-07 14:30:00,1297200
420,61.43,62.8,61.1,62.15,ok,2016-12-08 14:30:00,1357700
421,60.28,61.89,60.26,61.59,ok,2016-12-09 14:30:00,1447500
422,58.25,59.8,57.58,59.73,ok,2016-12-12 14:30:00,2287900
423,58.45,59.0,58.14,58.5,ok,2016-12-13 14:30:00,1652200
424,57.87,58.65,57.77,58.35,ok,2016-12-14 14:30:00,1720200
425,58.18,58.92,57.6,58.0,ok,2016-12-15 14:30:00,1673100
426,56.96,59.63,56.9,58.4,ok,2016-12-16 14:30:00,3119400
427,57.36,57.86,56.91,57.22,ok,2016-12-19 14:30:00,1116300
428,57.93,58.29,57.67,57.82,ok,2016-12-20 14:30:00,1187000
429,57.31,57.49,56.11,56.9,ok,2016-12-21 14:30:00,1803200
430,52.85,57.7,52.62,57.32,ok,2016-12-22 14:30:00,4537400
431,52.3,53.92,52.01,52.76,ok,2016-12-23 14:30:00,2475400
432,53.11,53.35,52.25,52.46,ok,2016-12-27 14:30:00,1561400
433,52.29,53.62,52.18,53.17,ok,2016-12-28 14:30:00,1204200
434,52.38,53.01,52.11,52.3,ok,2016-12-29 14:30:00,1354500
435,53.1,53.41,52.4,52.5,ok,2016-12-30 14:30:00,2520600
436,54.0,54.56,53.22,53.47,ok,2017-01-03 14:30:00,2465800
437,55.18,56.25,54.44,54.44,ok,2017-01-04 14:30:00,2472800
438,54.44,54.51,52.55,53.07,ok,2017-01-05 14:30:00,2725500
439,55.33,56.03,54.04,54.53,ok,2017-01-06 14:30:00,2178900
440,53.82,55.31,53.51,55.13,ok,2017-01-09 14:30:00,2134200
441,54.62,54.82,53.91,53.94,ok,2017-01-10 14:30:00,1108700
442,54.1,54.77,53.54,54.64,ok,2017-01-11 14:30:00,1797300
443,53.66,54.26,53.22,54.01,ok,2017-01-12 14:30:00,1584300
444,52.62,54.02,52.58,53.75,ok,2017-01-13 14:30:00,1718200
445,52.9,54.74,52.62,53.25,ok,2017-01-17 14:30:00,2338400
446,51.97,52.8,51.29,52.64,ok,2017-01-18 14:30:00,1951500
447,50.87,52.22,50.45,51.93,ok,2017-01-19 14:30:00,2776000
448,52.41,52.77,50.91,50.94,ok,2017-01-20 14:30:00,3141700
449,51.64,52.16,51.0,52.05,ok,2017-01-23 14:30:00,1726300
450,51.79,52.17,51.41,51.85,ok,2017-01-24 14:30:00,1737200
451,53.58,53.67,52.35,52.42,ok,2017-01-25 14:30:00,2786700
452,52.36,54.03,52.35,53.46,ok,2017-01-26 14:30:00,2313500
453,51.31,52.83,51.11,52.63,ok,2017-01-27 14:30:00,2014800
454,52.17,52.73,50.96,52.36,ok,2017-01-30 14:30:00,2798700
455,51.6,51.78,49.33,49.91,ok,2017-01-31 14:30:00,4439400
456,51.2,52.21,50.28,51.68,ok,2017-02-01 14:30:00,1702300
457,50.71,51.41,50.62,51.01,ok,2017-02-02 14:30:00,1326500
458,51.72,52.28,51.08,51.12,ok,2017-02-03 14:30:00,2407800
459,52.14,52.61,51.34,51.35,ok,2017-02-06 14:30:00,2065300
460,51.17,52.38,50.98,52.27,ok,2017-02-07 14:30:00,1680300
461,52.15,52.27,50.58,51.15,ok,2017-02-08 14:30:00,1753200
462,53.17,53.67,52.04,52.17,ok,2017-02-09 14:30:00,2046100
463,52.7,53.75,52.13,53.33,ok,2017-02-10 14:30:00,1381400
464,52.42,53.17,52.19,52.9,ok,2017-02-13 14:30:00,1843400
465,51.75,52.41,50.53,50.81,ok,2017-02-14 14:30:00,2511700
466,49.87,52.0,49.51,51.52,ok,2017-02-15 14:30:00,4290600
467,48.5,49.9,48.12,49.84,ok,2017-02-16 14:30:00,4526200
468,49.79,50.2,48.25,48.43,ok,2017-02-17 14:30:00,2976000
469,50.33,50.5,48.97,48.97,ok,2017-02-21 14:30:00,2606900
470,49.26,50.45,48.97,50.32,ok,2017-02-22 14:30:00,1682100
471,48.32,49.57,48.13,49.28,ok,2017-02-23 14:30:00,2224300
472,49.24,50.0,48.06,48.13,ok,2017-02-24 14:30:00,2317100
473,49.52,49.68,48.75,48.86,ok,2017-02-27 14:30:00,1712200
474,48.95,49.75,48.64,49.12,ok,2017-02-28 14:30:00,2449800
475,50.85,50.98,49.71,49.81,ok,2017-03-01 14:30:00,3704100
476,51.04,51.5,50.53,50.82,ok,2017-03-02 14:30:00,2999000
477,52.34,52.67,51.12,51.4,ok,2017-03-03 14:30:00,3694900
478,52.61,52.89,51.29,52.28,ok,2017-03-06 14:30:00,5202900
479,48.08,51.25,47.5,51.13,ok,2017-03-07 14:30:00,25184300
480,49.0,49.66,48.42,48.42,ok,2017-03-08 14:30:00,6974500
481,48.35,49.36,48.26,48.93,ok,2017-03-09 14:30:00,3045800
482,48.84,48.99,48.13,48.76,ok,2017-03-10 14:30:00,2892900
483,47.29,49.16,46.94,48.84,ok,2017-03-13 13:30:00,4940300
484,47.83,47.97,46.86,47.66,ok,2017-03-14 13:30:00,2891400
485,48.29,48.66,47.25,47.88,ok,2017-03-15 13:30:00,1996700
486,48.2,48.29,47.55,48.25,ok,2017-03-16 13:30:00,2261000
487,48.35,48.67,47.73,48.26,ok,2017-03-17 13:30:00,2075800
488,47.96,48.67,47.59,48.49,ok,2017-03-20 13:30:00,1845300
489,47.31,48.01,46.61,47.98,ok,2017-03-21 13:30:00,2950800
490,47.61,47.68,46.48,47.17,ok,2017-03-22 13:30:00,2073900
491,47.39,48.0,47.14,47.72,ok,2017-03-23 13:30:00,2287700
492,46.99,47.44,46.76,47.21,ok,2017-03-24 13:30:00,2072700
493,46.34,47.11,46.3,46.64,ok,2017-03-27 13:30:00,2696600
494,46.86,46.99,46.0,46.39,ok,2017-03-28 13:30:00,2300400
495,48.76,48.89,47.0,47.0,ok,2017-03-29 13:30:00,3230600
496,49.12,49.34,48.56,48.72,ok,2017-03-30 13:30:00,2842600
497,48.66,49.32,48.57,49.05,ok,2017-03-31 13:30:00,1580000
498,49.07,49.16,48.41,48.83,ok,2017-04-03 13:30:00,2168900
499,48.84,49.47,48.43,48.98,ok,2017-04-04 13:30:00,2957200
500,48.09,49.04,48.07,49.0,ok,2017-04-05 13:30:00,2075700
501,49.69,49.97,48.43,48.48,ok,2017-04-06 13:30:00,2923800
502,49.97,50.29,49.52,49.59,ok,2017-04-07 13:30:00,2017000
503,50.42,50.96,49.91,49.91,ok,2017-04-10 13:30:00,2140300
504,50.52,50.75,49.93,50.33,ok,2017-04-11 13:30:00,1646300
505,50.23,50.95,50.14,50.9,ok,2017-04-12 13:30:00,1597300
506,49.66,50.35,49.53,50.04,ok,2017-04-13 13:30:00,1372300
507,50.27,50.37,49.56,49.73,ok,2017-04-17 13:30:00,1262900
508,50.04,50.51,49.89,50.28,ok,2017-04-18 13:30:00,1093200
509,50.55,50.73,50.15,50.15,ok,2017-04-19 13:30:00,1515400
510,51.84,51.91,50.65,50.65,ok,2017-04-20 13:30:00,2225400
511,51.58,51.73,51.15,51.62,ok,2017-04-21 13:30:00,1396100
512,51.35,52.31,51.28,52.26,ok,2017-04-24 13:30:00,2076200
513,50.23,51.61,50.17,51.61,ok,2017-04-25 13:30:00,1895200
514,51.0,51.22,50.23,50.53,ok,2017-04-26 13:30:00,2002200
515,51.01,51.37,50.67,51.19,ok,2017-04-27 13:30:00,1317700
516,50.55,51.07,50.06,50.89,ok,2017-04-28 13:30:00,2146400
517,50.47,51.05,50.37,51.05,ok,2017-05-01 13:30:00,1536000
518,51.13,51.5,50.34,50.44,ok,2017-05-02 13:30:00,1748100
519,50.84,52.13,50.62,51.42,ok,2017-05-03 13:30:00,2347300
520,50.76,51.08,50.38,50.89,ok,2017-05-04 13:30:00,1298500
521,51.1,51.57,50.8,51.05,ok,2017-05-05 13:30:00,2028400
522,50.69,51.22,50.65,51.22,ok,2017-05-08 13:30:00,1032800
523,51.68,51.9,50.65,50.78,ok,2017-05-09 13:30:00,1610600
524,51.25,51.94,51.23,51.49,ok,2017-05-10 13:30:00,1091100
525,50.19,51.0,49.62,50.51,ok,2017-05-11 13:30:00,2229700
526,48.06,48.11,45.88,47.52,ok,2017-05-12 13:30:00,8053800
527,47.57,48.24,47.37,48.23,ok,2017-05-15 13:30:00,3899200
528,41.04,43.2,40.25,42.05,ok,2017-05-16 13:30:00,23792200
529,41.75,42.25,40.8,41.04,ok,2017-05-17 13:30:00,9085900
530,41.39,42.15,41.2,41.66,ok,2017-05-18 13:30:00,4670800
531,40.8,41.19,40.39,41.19,ok,2017-05-19 13:30:00,4629500
532,40.98,41.11,40.69,40.74,ok,2017-05-22 13:30:00,3071200
533,41.43,41.6,41.0,41.02,ok,2017-05-23 13:30:00,3218800
534,41.5,41.84,41.27,41.44,ok,2017-05-24 13:30:00,1999400
535,41.99,42.76,41.58,41.94,ok,2017-05-25 13:30:00,2206200
536,42.05,42.29,41.67,42.01,ok,2017-05-26 13:30:00,1933400
537,42.13,42.38,41.94,41.96,ok,2017-05-30 13:30:00,2088700
538,41.13,42.22,40.85,42.22,ok,2017-05-31 13:30:00,2089800
539,41.5,41.87,41.14,41.34,ok,2017-06-01 13:30:00,1910700
540,41.01,41.77,40.71,41.38,ok,2017-06-02 13:30:00,1579200
541,40.43,41.48,40.23,41.24,ok,2017-06-05 13:30:00,1559600
542,39.19,40.16,38.74,40.13,ok,2017-06-06 13:30:00,3735900
543,39.01,39.33,38.3,39.25,ok,2017-06-07 13:30:00,2919000
544,38.59,39.83,38.55,39.23,ok,2017-06-08 13:30:00,2458700
545,40.02,40.28,38.62,38.62,ok,2017-06-09 13:30:00,2387500
546,40.88,41.71,40.15,40.15,ok,2017-06-12 13:30:00,2875700
547,40.59,41.11,39.98,40.65,ok,2017-06-13 13:30:00,1358400
548,40.61,40.91,40.1,40.65,ok,2017-06-14 13:30:00,931200
549,40.68,41.61,40.48,40.99,ok,2017-06-15 13:30:00,1788400
550,39.99,40.54,39.27,40.54,ok,2017-06-16 13:30:00,2235600
551,40.26,40.31,39.25,40.0,ok,2017-06-19 13:30:00,1247600
552,39.57,40.21,39.46,40.21,ok,2017-06-20 13:30:00,1124200
553,38.05,38.39,35.87,37.23,ok,2017-06-21 13:30:00,5566200
554,38.59,39.14,38.02,38.09,ok,2017-06-22 13:30:00,2108900
555,39.06,39.16,38.02,38.5,ok,2017-06-23 13:30:00,1875900
556,39.44,39.65,38.9,39.14,ok,2017-06-26 13:30:00,863000
557,39.9,40.46,39.57,39.65,ok,2017-06-27 13:30:00,1553900
558,40.16,40.7,40.0,40.16,ok,2017-06-28 13:30:00,1668000
559,39.25,40.27,38.76,40.17,ok,2017-06-29 13:30:00,2588200
560,39.83,40.03,39.28,39.51,ok,2017-06-30 13:30:00,1200900
561,40.32,40.64,40.07,40.07,ok,2017-07-03 13:30:00,486800
562,40.49,40.77,40.16,40.21,ok,2017-07-05 13:30:00,1202800
563,39.64,40.42,39.46,40.37,ok,2017-07-06 13:30:00,1381700
564,39.88,39.99,39.44,39.73,ok,2017-07-07 13:30:00,918400
565,37.02,39.35,36.96,38.3,ok,2017-07-10 13:30:00,3354900
566,36.95,37.53,36.71,37.14,ok,2017-07-11 13:30:00,1827500
567,36.29,37.3,36.26,37.15,ok,2017-07-12 13:30:00,2634700
568,37.78,37.92,36.64,36.68,ok,2017-07-13 13:30:00,3100000
569,37.12,38.06,36.93,37.94,ok,2017-07-14 13:30:00,1333800
570,37.92,38.37,37.45,37.46,ok,2017-07-17 13:30:00,1322800
571,36.99,37.9,36.88,37.9,ok,2017-07-18 13:30:00,1305900
572,37.25,37.44,36.78,37.05,ok,2017-07-19 13:30:00,1102300
573,37.23,37.78,36.77,37.25,ok,2017-07-20 13:30:00,1397500
574,37.16,37.43,36.81,37.43,ok,2017-07-21 13:30:00,948500
575,35.12,36.47,34.55,34.95,ok,2017-07-24 13:30:00,5557800
576,35.8,36.35,35.02,35.06,ok,2017-07-25 13:30:00,2923900
577,36.21,36.54,35.1,35.7,ok,2017-07-26 13:30:00,1985600
578,36.72,37.06,35.88,36.29,ok,2017-07-27 13:30:00,2747300
579,36.67,37.05,36.41,36.74,ok,2017-07-28 13:30:00,1380300
580,37.34,37.57,36.51,36.74,ok,2017-07-31 13:30:00,2030200
581,36.66,37.08,35.87,37.07,ok,2017-08-01 13:30:00,2645100
582,36.66,37.22,36.32,36.44,ok,2017-08-02 13:30:00,2093700
583,37.26,37.89,36.55,36.55,ok,2017-08-03 13:30:00,1739600
584,37.97,38.35,37.19,37.31,ok,2017-08-04 13:30:00,2474300
585,37.35,37.86,37.0,37.84,ok,2017-08-07 13:30:00,1120800
586,37.05,38.3,36.92,37.74,ok,2017-08-08 13:30:00,1814200
587,36.91,37.48,35.19,36.15,ok,2017-08-09 13:30:00,1777900
588,33.81,36.4,33.49,35.62,ok,2017-08-10 13:30:00,5226900
589,34.0,34.31,33.32,33.63,ok,2017-08-11 13:30:00,3631600
590,34.91,35.03,33.86,34.15,ok,2017-08-14 13:30:00,4071900
591,26.87,29.55,26.86,28.66,ok,2017-08-15 13:30:00,30566000
592,27.7,27.94,26.32,26.42,ok,2017-08-16 13:30:00,14156800
593,27.74,28.37,27.41,27.61,ok,2017-08-17 13:30:00,6287800
594,26.99,27.49,26.65,27.33,ok,2017-08-18 13:30:00,6850300
595,26.46,26.99,26.36,26.99,ok,2017-08-21 13:30:00,3596200
596,26.27,26.71,25.94,26.7,ok,2017-08-22 13:30:00,4150800
597,26.53,26.79,26.1,26.27,ok,2017-08-23 13:30:00,2865600
598,26.23,27.41,26.13,26.91,ok,2017-08-24 13:30:00,2586800
599,26.94,27.08,26.3,26.56,ok,2017-08-25 13:30:00,3436200
600,26.96,27.05,26.56,27.01,ok,2017-08-28 13:30:00,1823400
601,26.52,26.8,26.23,26.5,ok,2017-08-29 13:30:00,2467500
602,26.2,26.5,26.0,26.5,ok,2017-08-30 13:30:00,4587700
603,26.36,26.65,26.2,26.26,ok,2017-08-31 13:30:00,2637500
604,26.72,26.97,26.44,26.44,ok,2017-09-01 13:30:00,1769700
605,26.6,26.95,26.21,26.7,ok,2017-09-05 13:30:00,1585500
606,27.3,27.4,26.61,26.65,ok,2017-09-06 13:30:00,2117100
607,26.91,27.44,26.66,27.26,ok,2017-09-07 13:30:00,1387200
608,26.87,27.12,26.58,26.93,ok,2017-09-08 13:30:00,1652200
609,27.1,27.16,26.7,26.91,ok,2017-09-11 13:30:00,1555100
610,27.73,28.11,26.92,27.2,ok,2017-09-12 13:30:00,2047200
611,28.17,28.49,27.75,27.76,ok,2017-09-13 13:30:00,1975500
612,27.32,28.18,27.2,28.17,ok,2017-09-14 13:30:00,2070400
613,27.74,28.09,27.15,27.25,ok,2017-09-15 13:30:00,3329500
614,27.35,27.88,27.16,27.8,ok,2017-09-18 13:30:00,1883100
615,26.8,27.58,26.69,27.31,ok,2017-09-19 13:30:00,1933100
616,26.54,26.94,26.17,26.73,ok,2017-09-20 13:30:00,2467700
617,26.23,26.93,26.15,26.72,ok,2017-09-21 13:30:00,1937000
618,26.87,26.92,26.07,26.25,ok,2017-09-22 13:30:00,1673800
619,27.52,27.6,26.65,26.85,ok,2017-09-25 13:30:00,1999600
620,27.61,27.68,27.27,27.6,ok,2017-09-26 13:30:00,1803700
621,27.44,27.69,27.0,27.56,ok,2017-09-27 13:30:00,2411900
622,27.43,27.72,26.97,27.47,ok,2017-09-28 13:30:00,2474000
623,27.01,27.74,26.89,27.35,ok,2017-09-29 13:30:00,2793600
624,27.49,27.6,26.72,27.01,ok,2017-10-02 13:30:00,2343800
625,27.87,27.88,27.2,27.51,ok,2017-10-03 13:30:00,1756400
626,27.33,28.0,27.3,27.4,ok,2017-10-04 13:30:00,1652000
627,27.47,27.68,27.15,27.27,ok,2017-10-05 13:30:00,1704000
628,27.62,28.04,27.38,27.43,ok,2017-10-06 13:30:00,2386800
629,27.14,27.75,27.06,27.62,ok,2017-10-09 13:30:00,1757400
630,27.14,27.68,26.91,27.22,ok,2017-10-10 13:30:00,1917700
631,25.3,26.91,25.19,26.5,ok,2017-10-11 13:30:00,8495400
632,24.96,25.44,24.6,25.07,ok,2017-10-12 13:30:00,3878900
633,24.85,25.2,24.62,24.96,ok,2017-10-13 13:30:00,2409200
634,24.67,24.88,24.52,24.8,ok,2017-10-16 13:30:00,1741400
635,25.12,25.36,24.69,24.74,ok,2017-10-17 13:30:00,2202200
636,26.03,26.11,25.16,25.29,ok,2017-10-18 13:30:00,2536400
637,26.0,26.32,25.88,25.93,ok,2017-10-19 13:30:00,1759000
638,26.67,26.91,26.1,26.16,ok,2017-10-20 13:30:00,1843100
639,27.17,27.65,26.65,26.68,ok,2017-10-23 13:30:00,4922300
640,26.28,27.38,26.13,27.19,ok,2017-10-24 13:30:00,2457700
641,26.26,26.53,25.53,26.32,ok,2017-10-25 13:30:00,1926400
642,26.77,26.93,25.78,26.2,ok,2017-10-26 13:30:00,1971600
643,26.8,27.04,25.83,26.39,ok,2017-10-27 13:30:00,2529800
644,25.34,26.73,25.28,26.67,ok,2017-10-30 13:30:00,3429900
645,24.47,25.25,24.4,24.63,ok,2017-10-31 13:30:00,4036700
646,24.39,24.81,23.88,24.38,ok,2017-11-01 13:30:00,3466000
647,24.67,24.98,24.17,24.39,ok,2017-11-02 13:30:00,2848300
648,24.48,25.02,24.45,24.67,ok,2017-11-03 13:30:00,1826300
649,24.6,24.81,23.91,24.39,ok,2017-11-06 14:30:00,2708700
650,24.4,24.69,24.28,24.59,ok,2017-11-07 14:30:00,2077100
651,25.13,25.26,24.16,24.34,ok,2017-11-08 14:30:00,2403400
652,26.49,27.03,24.87,24.99,ok,2017-11-09 14:30:00,5670200
653,26.85,27.24,25.9,26.35,ok,2017-11-10 14:30:00,4405500
654,26.32,26.94,25.79,26.61,ok,2017-11-13 14:30:00,5387600
655,25.59,25.69,24.32,24.9,ok,2017-11-14 14:30:00,15737000
656,26.86,27.24,26.2,26.6,ok,2017-11-15 14:30:00,7609300
657,27.97,28.23,26.74,27.0,ok,2017-11-16 14:30:00,5116100
658,28.8,29.16,28.04,28.87,ok,2017-11-17 14:30:00,7505900
659,29.1,29.12,28.03,28.8,ok,2017-11-20 14:30:00,4179800
660,28.58,29.11,28.3,29.11,ok,2017-11-21 14:30:00,3165400
661,28.38,28.82,28.15,28.67,ok,2017-11-22 14:30:00,2706400
662,27.86,28.46,27.82,28.45,ok,2017-11-24 14:30:00,1538000
663,27.0,28.01,26.71,27.85,ok,2017-11-27 14:30:00,5724900
664,28.03,28.1,26.88,27.03,ok,2017-11-28 14:30:00,3377500
665,29.46,29.86,28.05,28.16,ok,2017-11-29 14:30:00,6499200
666,29.46,30.48,29.2,29.5,ok,2017-11-30 14:30:00,9362000
667,28.9,29.5,28.18,29.46,ok,2017-12-01 14:30:00,3884600
668,30.14,30.84,29.09,29.11,ok,2017-12-04 14:30:00,3797300
669,30.05,30.42,29.57,30.12,ok,2017-12-05 14:30:00,2782900
670,30.12,30.49,29.57,30.33,ok,2017-12-06 14:30:00,3171300
671,29.92,30.42,29.65,30.0,ok,2017-12-07 14:30:00,3303500
672,30.89,31.18,29.74,30.0,ok,2017-12-08 14:30:00,4224500
673,29.87,30.98,29.81,30.94,ok,2017-12-11 14:30:00,3179600
674,30.06,30.65,29.58,30.0,ok,2017-12-12 14:30:00,3410200
675,30.25,30.6,29.96,29.96,ok,2017-12-13 14:30:00,2482400
676,29.2,30.8,28.99,30.65,ok,2017-12-14 14:30:00,3058900
677,28.95,29.52,28.88,29.21,ok,2017-12-15 14:30:00,4893000
678,29.6,29.74,29.07,29.22,ok,2017-12-18 14:30:00,3106000
679,29.27,30.69,29.27,30.6,ok,2017-12-19 14:30:00,3074400
680,29.39,29.85,29.22,29.74,ok,2017-12-20 14:30:00,2743400
681,30.1,30.15,29.55,29.65,ok,2017-12-21 14:30:00,3017700
682,29.67,29.81,29.46,29.69,ok,2017-12-22 14:30:00,2356200
683,30.43,30.65,29.67,29.67,ok,2017-12-26 14:30:00,2145600
684,29.75,30.38,29.65,30.36,ok,2017-12-27 14:30:00,2065200
685,29.12,29.81,28.99,29.8,ok,2017-12-28 14:30:00,1994300
686,28.74,29.5,28.73,29.14,ok,2017-12-29 14:30:00,2239000
687,29.49,29.66,28.9,29.13,ok,2018-01-02 14:30:00,3045900
688,30.28,31.41,30.03,30.93,ok,2018-01-03 14:30:00,5457100
689,30.72,31.06,29.82,30.52,ok,2018-01-04 14:30:00,3984000
690,31.03,31.46,30.51,30.78,ok,2018-01-05 14:30:00,3539400
691,30.75,31.41,30.32,31.28,ok,2018-01-08 14:30:00,3010800
692,29.96,30.23,29.02,30.09,ok,2018-01-09 14:30:00,4770300
693,30.8,30.86,29.49,29.49,ok,2018-01-10 14:30:00,2475900
694,32.57,32.8,30.95,31.21,ok,2018-01-11 14:30:00,3531800
695,33.33,34.37,32.94,33.77,ok,2018-01-12 14:30:00,4145200
696,32.33,34.01,32.13,33.44,ok,2018-01-16 14:30:00,5919900
697,32.79,33.34,32.67,33.27,ok,2018-01-17 14:30:00,4065300
698,33.04,33.08,32.44,32.81,ok,2018-01-18 14:30:00,2743600
699,33.92,33.93,32.99,33.24,ok,2018-01-19 14:30:00,2214900
700,34.62,34.94,33.83,33.9,ok,2018-01-22 14:30:00,3620900
701,34.94,35.5,34.26,35.28,ok,2018-01-23 14:30:00,2878000
702,33.84,35.12,33.62,34.98,ok,2018-01-24 14:30:00,2578800
703,32.88,34.74,32.7,34.74,ok,2018-01-25 14:30:00,3385900
704,33.69,33.71,32.09,32.83,ok,2018-01-26 14:30:00,2149400
705,33.46,33.85,33.02,33.43,ok,2018-01-29 14:30:00,1512800
706,32.52,33.26,32.31,33.04,ok,2018-01-30 14:30:00,1686100
707,31.46,32.72,31.17,32.65,ok,2018-01-31 14:30:00,2748200
708,31.38,31.94,31.03,31.45,ok,2018-02-01 14:30:00,1925000
709,31.49,32.02,31.08,31.15,ok,2018-02-02 14:30:00,3143600
710,29.87,31.18,29.82,30.27,ok,2018-02-05 14:30:00,5596800
711,30.66,30.97,28.86,29.09,ok,2018-02-06 14:30:00,3193000
712,31.72,32.6,30.68,30.96,ok,2018-02-07 14:30:00,3917500
713,31.5,32.28,30.9,31.93,ok,2018-02-08 14:30:00,2814500
714,31.48,32.07,30.18,31.8,ok,2018-02-09 14:30:00,2789400
715,32.09,32.44,31.17,31.84,ok,2018-02-12 14:30:00,3171300
716,32.75,32.85,31.61,32.02,ok,2018-02-13 14:30:00,2449400
717,33.65,34.14,32.01,32.56,ok,2018-02-14 14:30:00,2738300
718,33.57,34.15,33.08,34.0,ok,2018-02-15 14:30:00,1870700
719,33.54,34.02,33.23,33.57,ok,2018-02-16 14:30:00,2679400
720,33.18,33.85,32.77,33.22,ok,2018-02-20 14:30:00,2469900
721,32.84,33.98,32.76,33.53,ok,2018-02-21 14:30:00,2999800
722,32.87,33.27,32.62,32.94,ok,2018-02-22 14:30:00,1772100
723,32.84,33.31,32.54,33.16,ok,2018-02-23 14:30:00,1940500
724,32.53,33.33,32.34,33.11,ok,2018-02-26 14:30:00,3092100
725,31.8,33.43,31.79,33.0,ok,2018-02-27 14:30:00,2783900
726,32.02,32.71,31.83,32.49,ok,2018-02-28 14:30:00,2472900
727,32.18,32.61,31.63,32.02,ok,2018-03-01 14:30:00,2078600
728,31.91,32.15,30.0,30.5,ok,2018-03-02 14:30:00,3855200
729,31.72,32.0,31.16,31.79,ok,2018-03-05 14:30:00,2173900
730,32.47,32.54,31.74,32.0,ok,2018-03-06 14:30:00,1524300
731,31.77,32.43,31.7,31.97,ok,2018-03-07 14:30:00,2157000
732,31.53,31.84,30.78,31.84,ok,2018-03-08 14:30:00,2071600
733,31.92,32.09,31.14,31.6,ok,2018-03-09 14:30:00,3322400
734,32.56,33.83,32.11,32.11,ok,2018-03-12 13:30:00,7140500
735,32.88,33.6,29.53,30.92,ok,2018-03-13 13:30:00,21512300
736,34.57,34.82,32.96,33.09,ok,2018-03-14 13:30:00,11693600
737,34.82,35.6,34.6,34.8,ok,2018-03-15 13:30:00,4316400
738,34.92,35.76,34.65,34.74,ok,2018-03-16 13:30:00,3950200
739,34.23,34.85,33.75,34.77,ok,2018-03-19 13:30:00,3536000
740,34.01,34.4,33.91,34.28,ok,2018-03-20 13:30:00,3139000
741,33.94,34.28,33.85,33.93,ok,2018-03-21 13:30:00,2227100
742,32.75,33.82,32.74,33.64,ok,2018-03-22 13:30:00,3253800
743,33.01,33.15,32.49,33.06,ok,2018-03-23 13:30:00,2819700
744,35.01,35.1,33.4,33.47,ok,2018-03-26 13:30:00,3185600
745,34.17,35.18,34.0,35.08,ok,2018-03-27 13:30:00,2958300
746,34.33,35.13,33.98,34.4,ok,2018-03-28 13:30:00,2351600
747,35.05,35.06,34.12,34.49,ok,2018-03-29 13:30:00,1623400
748,33.42,35.0,32.88,34.91,ok,2018-04-02 13:30:00,3746200
749,33.81,34.12,33.49,33.61,ok,2018-04-03 13:30:00,2017800
750,35.14,35.22,33.32,33.46,ok,2018-04-04 13:30:00,2113300
751,35.57,35.74,34.38,35.13,ok,2018-04-05 13:30:00,2815900
752,33.76,35.31,33.46,35.31,ok,2018-04-06 13:30:00,3226800
753,34.18,34.63,33.44,33.93,ok,2018-04-09 13:30:00,3370400
754,34.57,34.84,34.16,34.39,ok,2018-04-10 13:30:00,2334200
755,35.06,35.12,34.0,34.36,ok,2018-04-11 13:30:00,1908600
756,34.78,35.34,34.73,35.17,ok,2018-04-12 13:30:00,2436800
757,32.86,34.97,32.36,34.97,ok,2018-04-13 13:30:00,5121400
758,32.15,33.12,32.01,33.0,ok,2018-04-16 13:30:00,3091800
759,31.52,32.63,31.47,32.52,ok,2018-04-17 13:30:00,2757500
760,31.95,32.36,31.57,31.76,ok,2018-04-18 13:30:00,2312600
761,31.41,31.98,31.09,31.79,ok,2018-04-19 13:30:00,1525000
762,31.66,31.72,31.18,31.4,ok,2018-04-20 13:30:00,2785300
763,32.48,32.57,31.56,31.84,ok,2018-04-23 13:30:00,1687200
764,32.64,33.14,32.42,32.68,ok,2018-04-24 13:30:00,1775400
765,32.57,33.36,32.48,32.65,ok,2018-04-25 13:30:00,2235100
766,33.01,33.22,32.26,32.59,ok,2018-04-26 13:30:00,1243800
767,34.27,34.35,32.97,33.01,ok,2018-04-27 13:30:00,1792900
768,33.09,34.41,32.92,34.41,ok,2018-04-30 13:30:00,1828300
769,33.05,33.16,32.23,33.02,ok,2018-05-01 13:30:00,2026900
770,32.52,33.1,32.49,32.91,ok,2018-05-02 13:30:00,1955400
771,31.41,32.54,31.34,32.31,ok,2018-05-03 13:30:00,4272400
772,31.64,32.03,30.87,31.2,ok,2018-05-04 13:30:00,2196400
773,30.35,31.81,30.23,31.6,ok,2018-05-07 13:30:00,3229200
774,30.18,30.49,29.9,30.29,ok,2018-05-08 13:30:00,2319400
775,30.84,30.96,30.15,30.2,ok,2018-05-09 13:30:00,2520000
776,31.34,31.65,30.76,30.82,ok,2018-05-10 13:30:00,2035700
777,31.91,31.99,31.06,31.34,ok,2018-05-11 13:30:00,2178600
778,32.38,32.46,31.63,31.94,ok,2018-05-14 13:30:00,3347600
779,32.7,32.91,32.1,32.35,ok,2018-05-15 13:30:00,2287300
780,32.79,33.72,32.68,33.0,ok,2018-05-16 13:30:00,2406700
781,32.07,33.02,32.02,32.63,ok,2018-05-17 13:30:00,2676100
782,31.0,32.25,30.94,32.04,ok,2018-05-18 13:30:00,2433500
783,30.42,31.24,30.35,31.09,ok,2018-05-21 13:30:00,3182100
784,30.0,30.74,29.95,30.67,ok,2018-05-22 13:30:00,2218900
785,30.54,30.61,29.95,30.0,ok,2018-05-23 13:30:00,1926200
786,30.9,31.22,30.29,30.37,ok,2018-05-24 13:30:00,2111200
787,30.38,31.09,30.25,30.9,ok,2018-05-25 13:30:00,2405200
788,30.48,30.7,29.76,30.08,ok,2018-05-29 13:30:00,5393500
789,38.35,38.99,35.87,37.59,ok,2018-05-30 13:30:00,29837100
790,36.6,38.83,36.34,38.54,ok,2018-05-31 13:30:00,8137800
791,35.35,37.08,35.1,37.0,ok,2018-06-01 13:30:00,6726600
792,36.59,37.18,35.45,35.5,ok,2018-06-04 13:30:00,3949800
793,37.18,37.26,36.13,36.65,ok,2018-06-05 13:30:00,2529400
794,37.33,37.54,36.78,37.24,ok,2018-06-06 13:30:00,2369900
795,37.39,37.78,37.05,37.18,ok,2018-06-07 13:30:00,1797700
796,37.42,37.81,37.08,37.29,ok,2018-06-08 13:30:00,2782900
797,37.33,37.6,37.12,37.46,ok,2018-06-11 13:30:00,1808800
798,36.99,37.98,36.83,37.51,ok,2018-06-12 13:30:00,3483200
799,37.22,37.54,36.5,36.56,ok,2018-06-13 13:30:00,2271700
800,37.4,37.87,36.78,37.29,ok,2018-06-14 13:30:00,2929300
801,37.94,38.19,37.46,37.48,ok,2018-06-15 13:30:00,3377800
802,36.47,37.61,36.4,37.47,ok,2018-06-18 13:30:00,2412400
803,36.29,36.92,35.71,36.3,ok,2018-06-19 13:30:00,2374400
804,36.65,36.78,35.42,36.36,ok,2018-06-20 13:30:00,2180000
805,36.73,37.29,36.41,36.53,ok,2018-06-21 13:30:00,1427800
806,35.98,37.21,35.83,36.79,ok,2018-06-22 13:30:00,2767700
807,35.76,36.31,35.48,35.73,ok,2018-06-25 13:30:00,2822300
808,36.21,36.52,35.72,35.95,ok,2018-06-26 13:30:00,1878800
809,36.2,37.0,36.19,36.21,ok,2018-06-27 13:30:00,1860100
810,36.78,37.07,35.74,36.17,ok,2018-06-28 13:30:00,2128000
811,35.25,38.26,35.21,38.14,ok,2018-06-29 13:30:00,2642500
812,34.97,35.33,34.42,35.25,ok,2018-07-02 13:30:00,3037800
813,35.22,35.93,35.12,35.12,ok,2018-07-03 13:30:00,736900
814,34.83,35.41,34.66,35.41,ok,2018-07-05 13:30:00,1620700
815,34.05,34.86,33.9,34.82,ok,2018-07-06 13:30:00,2189000
816,34.41,34.67,34.03,34.26,ok,2018-07-09 13:30:00,2656200
817,34.7,35.02,34.2,34.41,ok,2018-07-10 13:30:00,3908600
818,34.5,34.98,33.92,34.91,ok,2018-07-11 13:30:00,1617400
819,34.53,34.71,33.95,34.46,ok,2018-07-12 13:30:00,1667400
820,34.54,35.38,34.42,34.57,ok,2018-07-13 13:30:00,2543500
821,33.99,34.73,33.57,34.32,ok,2018-07-16 13:30:00,2815400
822,33.94,34.42,33.58,33.95,ok,2018-07-17 13:30:00,1986200
823,34.64,34.79,33.99,34.09,ok,2018-07-18 13:30:00,2321100
824,35.5,35.97,34.34,34.52,ok,2018-07-19 13:30:00,2827200
825,35.17,35.44,34.93,35.4,ok,2018-07-20 13:30:00,1512900
826,34.99,35.48,34.78,35.13,ok,2018-07-23 13:30:00,1372000
827,33.87,35.06,33.57,35.02,ok,2018-07-24 13:30:00,2343100
828,33.75,33.87,33.15,33.6,ok,2018-07-25 13:30:00,1814900
829,34.1,35.07,33.61,33.91,ok,2018-07-26 13:30:00,1841300
830,32.97,34.31,32.91,34.04,ok,2018-07-27 13:30:00,1642800
831,33.47,33.57,32.95,33.06,ok,2018-07-30 13:30:00,1503500
832,34.14,34.47,33.29,33.55,ok,2018-07-31 13:30:00,2076000
833,33.5,34.02,33.09,34.02,ok,2018-08-01 13:30:00,1651600
834,33.57,33.75,32.99,33.03,ok,2018-08-02 13:30:00,1709200
835,33.53,34.22,33.05,33.73,ok,2018-08-03 13:30:00,1816700
836,34.21,34.22,33.39,33.52,ok,2018-08-06 13:30:00,1515900
837,34.23,34.75,34.08,34.38,ok,2018-08-07 13:30:00,1237100
838,33.69,34.19,33.56,34.19,ok,2018-08-08 13:30:00,1875000
839,34.65,34.71,33.68,33.82,ok,2018-08-09 13:30:00,2585500
840,34.55,35.13,34.14,34.37,ok,2018-08-10 13:30:00,1323300
841,35.14,35.41,34.41,34.61,ok,2018-08-13 13:30:00,1605900
842,36.39,36.45,34.49,35.17,ok,2018-08-14 13:30:00,2380800
843,36.19,36.87,35.41,36.31,ok,2018-08-15 13:30:00,2850100
844,36.39,37.0,35.69,36.13,ok,2018-08-16 13:30:00,2276900
845,37.16,37.23,36.32,36.57,ok,2018-08-17 13:30:00,2141200
846,37.86,38.39,37.18,37.39,ok,2018-08-20 13:30:00,2309500
847,38.05,38.21,37.33,38.2,ok,2018-08-21 13:30:00,1882500
848,37.63,38.53,37.53,38.12,ok,2018-08-22 13:30:00,2526600
849,38.56,38.62,37.58,37.81,ok,2018-08-23 13:30:00,3416200
850,36.02,37.12,35.51,36.59,ok,2018-08-24 13:30:00,6348400
851,36.32,36.52,35.63,36.16,ok,2018-08-27 13:30:00,3907200
852,36.39,36.8,36.09,36.69,ok,2018-08-28 13:30:00,5014600
853,35.6,36.35,32.75,32.82,ok,2018-08-29 13:30:00,23118900
854,36.19,36.38,35.27,35.87,ok,2018-08-30 13:30:00,5483500
855,37.44,37.92,36.08,36.3,ok,2018-08-31 13:30:00,8250400
856,38.52,38.59,37.34,37.46,ok,2018-09-04 13:30:00,3989500
857,39.07,39.24,38.26,38.44,ok,2018-09-05 13:30:00,3186500
858,38.34,39.71,38.27,39.24,ok,2018-09-06 13:30:00,2505300
859,38.08,38.85,37.68,38.0,ok,2018-09-07 13:30:00,1870200
860,39.32,39.4,38.2,38.22,ok,2018-09-10 13:30:00,2031400
861,39.43,39.74,38.75,39.23,ok,2018-09-11 13:30:00,1769600
862,38.2,39.39,37.95,39.25,ok,2018-09-12 13:30:00,2122900
863,37.18,38.1,36.96,37.94,ok,2018-09-13 13:30:00,2080500
864,36.92,37.53,36.46,37.2,ok,2018-09-14 13:30:00,2267300
865,37.02,37.23,36.29,36.92,ok,2018-09-17 13:30:00,2637200
866,37.12,37.6,36.58,36.94,ok,2018-09-18 13:30:00,1562500
867,37.37,37.66,37.03,37.04,ok,2018-09-19 13:30:00,1209100
868,37.14,37.45,36.45,37.27,ok,2018-09-20 13:30:00,2591500
869,37.89,38.16,37.14,37.32,ok,2018-09-21 13:30:00,2941500
870,36.68,37.98,36.65,37.97,ok,2018-09-24 13:30:00,2909500
871,36.76,37.05,36.35,36.9,ok,2018-09-25 13:30:00,2746400
872,36.15,36.63,35.83,36.25,ok,2018-09-26 13:30:00,3235500
873,35.73,36.42,35.6,36.23,ok,2018-09-27 13:30:00,2597400
874,35.48,35.94,35.24,35.7,ok,2018-09-28 13:30:00,2878400
875,35.24,35.71,34.97,35.53,ok,2018-10-01 13:30:00,1869800
876,34.13,35.4,34.13,35.16,ok,2018-10-02 13:30:00,2352000
877,34.05,34.61,33.89,34.32,ok,2018-10-03 13:30:00,2360400
878,33.45,34.38,33.26,34.14,ok,2018-10-04 13:30:00,2884000
879,33.2,33.84,32.65,33.56,ok,2018-10-05 13:30:00,2727500
880,33.42,33.54,32.86,33.2,ok,2018-10-08 13:30:00,1952200
881,33.47,34.23,33.42,33.5,ok,2018-10-09 13:30:00,1574000
882,33.41,34.29,33.35,33.58,ok,2018-10-10 13:30:00,2660300
883,33.31,34.57,33.24,33.47,ok,2018-10-11 13:30:00,2828200
884,33.45,34.29,33.19,33.8,ok,2018-10-12 13:30:00,2126400
885,33.86,34.22,33.12,33.41,ok,2018-10-15 13:30:00,2362000
886,34.25,34.29,33.66,33.9,ok,2018-10-16 13:30:00,1885300
887,33.84,34.23,33.29,34.23,ok,2018-10-17 13:30:00,1719800
888,34.48,34.59,33.59,33.59,ok,2018-10-18 13:30:00,2798100
889,33.78,34.76,33.74,34.52,ok,2018-10-19 13:30:00,1972200
890,33.55,34.13,33.35,33.97,ok,2018-10-22 13:30:00,1765600
891,33.61,33.85,32.74,33.16,ok,2018-10-23 13:30:00,1738000
892,33.23,34.54,33.11,33.6,ok,2018-10-24 13:30:00,2444100
893,32.85,33.57,32.32,33.34,ok,2018-10-25 13:30:00,4737500
894,33.05,33.57,32.3,32.55,ok,2018-10-26 13:30:00,2398800
895,34.62,35.37,33.43,33.46,ok,2018-10-29 13:30:00,3412200
896,36.98,37.03,34.76,34.81,ok,2018-10-30 13:30:00,3585800
897,35.37,37.0,34.73,37.0,ok,2018-10-31 13:30:00,3858500
898,35.85,36.28,34.67,35.39,ok,2018-11-01 13:30:00,2642100
899,36.5,36.95,35.88,36.17,ok,2018-11-02 13:30:00,1895900
900,37.38,37.56,36.39,36.39,ok,2018-11-05 14:30:00,2859100
901,37.51,37.91,37.19,37.38,ok,2018-11-06 14:30:00,3229900
902,36.8,37.5,35.88,37.5,ok,2018-11-07 14:30:00,3058800
903,38.1,38.59,36.74,36.74,ok,2018-11-08 14:30:00,2279600
904,37.17,38.12,36.85,37.78,ok,2018-11-09 14:30:00,2157100
905,37.45,38.06,36.95,37.15,ok,2018-11-12 14:30:00,2856100
906,38.71,39.08,37.24,37.4,ok,2018-11-13 14:30:00,3765500
907,37.56,39.75,37.23,39.14,ok,2018-11-14 14:30:00,3169600
908,38.28,38.33,36.98,37.3,ok,2018-11-15 14:30:00,2900800
909,36.83,37.86,36.27,37.76,ok,2018-11-16 14:30:00,3200500
910,35.42,37.02,35.3,36.87,ok,2018-11-19 14:30:00,3164200
911,34.38,35.61,33.86,34.35,ok,2018-11-20 14:30:00,2741600
912,35.1,35.58,34.36,34.76,ok,2018-11-21 14:30:00,2093300
913,34.78,35.44,34.62,34.9,ok,2018-11-23 14:30:00,817800
914,35.99,36.25,35.04,35.04,ok,2018-11-26 14:30:00,4441100
915,36.33,37.05,35.26,35.67,ok,2018-11-27 14:30:00,6951000
916,37.26,37.75,34.9,36.08,ok,2018-11-28 14:30:00,8799700
917,35.52,36.26,34.08,36.26,ok,2018-11-29 14:30:00,6050500
918,35.98,36.07,34.97,35.45,ok,2018-11-30 14:30:00,3605900
919,37.3,37.52,35.67,36.19,ok,2018-12-03 14:30:00,4934000
920,36.34,37.57,35.7,37.46,ok,2018-12-04 14:30:00,3284900
921,35.71,35.99,35.0,35.99,ok,2018-12-06 14:30:00,2903000
922,36.34,36.97,35.55,35.62,ok,2018-12-07 14:30:00,4728500
923,37.0,37.17,35.99,36.25,ok,2018-12-10 14:30:00,3145900
924,36.82,37.59,36.26,37.46,ok,2018-12-11 14:30:00,2864200
925,35.47,37.17,35.19,37.01,ok,2018-12-12 14:30:00,2869500
926,34.16,35.74,33.95,35.38,ok,2018-12-13 14:30:00,2429300
927,34.6,34.91,33.65,33.87,ok,2018-12-14 14:30:00,1795200
928,33.45,34.67,33.17,34.3,ok,2018-12-17 14:30:00,1805600
929,33.35,33.95,33.06,33.67,ok,2018-12-18 14:30:00,1772000
930,32.47,33.9,32.27,33.46,ok,2018-12-19 14:30:00,2049000
931,31.4,32.4,30.91,32.35,ok,2018-12-20 14:30:00,2393400
932,30.33,32.29,30.18,31.55,ok,2018-12-21 14:30:00,3594300
933,29.77,30.37,29.69,30.26,ok,2018-12-24 14:30:00,896100
934,31.59,31.63,29.98,30.04,ok,2018-12-26 14:30:00,1676000
935,30.89,31.39,29.98,31.14,ok,2018-12-27 14:30:00,2168500
936,31.16,31.8,30.77,30.97,ok,2018-12-28 14:30:00,1612500
937,31.2,31.51,30.95,31.07,ok,2018-12-31 14:30:00,1259500
938,31.77,32.13,30.59,30.84,ok,2019-01-02 14:30:00,1907500
939,32.4,33.14,31.23,31.67,ok,2019-01-03 14:30:00,2664700
940,33.18,33.47,32.19,32.19,ok,2019-01-04 14:30:00,2594400
941,32.97,33.93,32.73,33.17,ok,2019-01-07 14:30:00,2250600
942,33.08,33.57,32.0,33.31,ok,2019-01-08 14:30:00,2270100
943,34.15,34.57,32.93,33.15,ok,2019-01-09 14:30:00,2506800
944,33.3,33.51,32.49,33.06,ok,2019-01-10 14:30:00,2106400
945,33.36,33.78,32.79,33.15,ok,2019-01-11 14:30:00,1391400
946,33.75,34.49,33.0,33.32,ok,2019-01-14 14:30:00,1902300
947,33.58,34.22,33.51,33.87,ok,2019-01-15 14:30:00,1435600
948,32.99,33.73,32.64,33.44,ok,2019-01-16 14:30:00,1196200
949,33.33,33.5,32.4,32.62,ok,2019-01-17 14:30:00,1341800
950,34.25,34.45,33.46,33.89,ok,2019-01-18 14:30:00,1450000
951,33.89,34.34,33.59,34.03,ok,2019-01-22 14:30:00,1310900
952,33.71,34.3,33.35,34.16,ok,2019-01-23 14:30:00,1708700
953,34.32,34.51,33.42,33.84,ok,2019-01-24 14:30:00,1099500
954,34.62,35.0,34.34,34.68,ok,2019-01-25 14:30:00,1228000
955,34.84,34.88,34.17,34.34,ok,2019-01-28 14:30:00,1386700
956,34.83,35.26,34.56,34.98,ok,2019-01-29 14:30:00,1112200
957,34.6,35.17,34.52,34.91,ok,2019-01-30 14:30:00,914300
958,35.31,35.48,34.53,34.54,ok,2019-01-31 14:30:00,1682100
959,35.25,35.65,34.34,35.37,ok,2019-02-01 14:30:00,1511100
960,35.53,35.65,34.88,35.06,ok,2019-02-04 14:30:00,1295000
961,36.86,36.92,35.33,35.63,ok,2019-02-05 14:30:00,1818200
962,36.48,37.0,36.12,36.85,ok,2019-02-06 14:30:00,1304200
963,35.81,36.27,34.93,36.27,ok,2019-02-07 14:30:00,1824700
964,35.31,36.09,35.14,35.71,ok,2019-02-08 14:30:00,1582100
965,35.68,35.92,35.02,35.39,ok,2019-02-11 14:30:00,1730300
966,36.5,37.03,35.51,35.84,ok,2019-02-12 14:30:00,3535200
967,36.93,37.06,36.33,36.66,ok,2019-02-13 14:30:00,2394100
968,36.37,37.09,35.6,36.41,ok,2019-02-14 14:30:00,2329800
969,37.39,37.65,36.47,36.63,ok,2019-02-15 14:30:00,1337200
970,37.88,38.23,37.25,37.34,ok,2019-02-19 14:30:00,1847700
971,38.17,38.55,37.64,38.01,ok,2019-02-20 14:30:00,1617500
972,37.87,38.28,37.71,37.86,ok,2019-02-21 14:30:00,1200200
973,37.97,38.29,37.68,38.07,ok,2019-02-22 14:30:00,1699700
974,37.76,38.33,37.59,38.22,ok,2019-02-25 14:30:00,1291200
975,38.22,38.46,37.72,37.9,ok,2019-02-26 14:30:00,1637800
976,39.38,39.64,38.47,38.52,ok,2019-02-27 14:30:00,3066800
977,39.06,39.72,38.83,39.28,ok,2019-02-28 14:30:00,1790000
978,39.0,40.87,38.78,39.95,ok,2019-03-01 14:30:00,2771800
979,38.09,39.3,37.74,39.19,ok,2019-03-04 14:30:00,1739800
980,38.01,38.47,37.84,38.26,ok,2019-03-05 14:30:00,1154300
981,38.18,38.91,38.09,38.46,ok,2019-03-06 14:30:00,1437000
982,37.81,38.42,37.54,37.98,ok,2019-03-07 14:30:00,1784600
983,37.85,37.97,37.17,37.52,ok,2019-03-08 14:30:00,2411100
984,38.89,39.02,37.76,37.77,ok,2019-03-11 13:30:00,4974800
985,34.61,36.98,34.1,35.64,ok,2019-03-12 13:30:00,15184100
986,35.81,35.92,34.49,34.53,ok,2019-03-13 13:30:00,5624600
987,34.98,35.96,34.88,35.71,ok,2019-03-14 13:30:00,3769700
988,34.05,35.2,33.9,35.05,ok,2019-03-15 13:30:00,3172500
989,34.61,34.7,33.71,34.01,ok,2019-03-18 13:30:00,2290600
990,35.28,35.58,34.68,34.68,ok,2019-03-19 13:30:00,2561300
991,34.39,35.26,34.21,35.01,ok,2019-03-20 13:30:00,1821700
992,35.25,35.42,34.26,34.26,ok,2019-03-21 13:30:00,2732900
993,34.35,35.31,34.34,35.09,ok,2019-03-22 13:30:00,1715900
994,34.54,34.98,34.13,34.26,ok,2019-03-25 13:30:00,2598300
995,35.69,35.82,34.66,35.07,ok,2019-03-26 13:30:00,1943800
996,36.46,36.58,35.71,35.74,ok,2019-03-27 13:30:00,1346900
997,36.38,37.43,36.22,36.7,ok,2019-03-28 13:30:00,4853100
998,36.81,36.91,36.23,36.45,ok,2019-03-29 13:30:00,3199400
999,37.88,37.9,36.78,37.0,ok,2019-04-01 13:30:00,1980800
1000,38.36,38.68,37.43,37.88,ok,2019-04-02 13:30:00,1910300
1001,38.27,38.73,38.13,38.73,ok,2019-04-03 13:30:00,1449000
1002,39.65,39.69,37.87,38.24,ok,2019-04-04 13:30:00,2167300
1003,40.18,40.51,39.74,39.78,ok,2019-04-05 13:30:00,3123200
1004,40.64,41.0,39.9,40.06,ok,2019-04-08 13:30:00,1626500
1005,40.57,40.81,40.23,40.35,ok,2019-04-09 13:30:00,1894000
1006,41.18,41.19,40.37,40.75,ok,2019-04-10 13:30:00,1737300
1007,40.69,41.18,40.57,41.18,ok,2019-04-11 13:30:00,2434000
1008,40.48,41.21,40.29,40.92,ok,2019-04-12 13:30:00,2068600
1009,39.64,40.72,39.58,40.48,ok,2019-04-15 13:30:00,3605000
1010,40.22,40.35,39.46,39.67,ok,2019-04-16 13:30:00,1847000
1011,39.84,40.77,39.56,40.4,ok,2019-04-17 13:30:00,1728100
1012,38.85,40.27,38.84,39.85,ok,2019-04-18 13:30:00,3589900
1013,37.98,39.07,37.89,38.75,ok,2019-04-22 13:30:00,2585700
1014,38.58,38.9,37.93,38.21,ok,2019-04-23 13:30:00,1976000
1015,38.99,39.31,38.63,38.79,ok,2019-04-24 13:30:00,1399400
1016,38.24,38.93,38.0,38.93,ok,2019-04-25 13:30:00,1376300
1017,38.31,38.55,37.69,38.13,ok,2019-04-26 13:30:00,2102400
1018,37.73,38.56,37.71,38.18,ok,2019-04-29 13:30:00,1962900
1019,37.0,37.75,36.97,37.71,ok,2019-04-30 13:30:00,2790800
1020,35.88,37.29,35.85,37.07,ok,2019-05-01 13:30:00,1909600
1021,36.02,36.33,35.4,36.25,ok,2019-05-02 13:30:00,2995000
1022,36.47,36.53,35.92,36.1,ok,2019-05-03 13:30:00,1860500
1023,36.05,36.48,35.78,36.04,ok,2019-05-06 13:30:00,1806500
1024,35.84,36.28,35.75,35.75,ok,2019-05-07 13:30:00,2466300
1025,35.87,36.26,35.26,35.68,ok,2019-05-08 13:30:00,1101300
1026,36.16,36.38,35.59,35.63,ok,2019-05-09 13:30:00,1768600
1027,36.55,36.75,35.59,36.02,ok,2019-05-10 13:30:00,1956800
1028,35.57,36.12,35.13,35.78,ok,2019-05-13 13:30:00,2189100
1029,35.94,36.3,35.17,35.74,ok,2019-05-14 13:30:00,1586700
1030,35.97,36.04,35.2,35.78,ok,2019-05-15 13:30:00,1957700
1031,36.05,36.43,35.93,36.22,ok,2019-05-16 13:30:00,1222000
1032,36.46,37.09,35.78,35.78,ok,2019-05-17 13:30:00,1816800
1033,36.59,36.64,35.88,36.0,ok,2019-05-20 13:30:00,2309800
1034,37.61,38.02,36.4,36.78,ok,2019-05-21 13:30:00,2082100
1035,36.97,37.46,36.48,37.24,ok,2019-05-22 13:30:00,2670200
1036,36.76,37.14,36.33,36.87,ok,2019-05-23 13:30:00,1733800
1037,36.65,36.8,36.05,36.59,ok,2019-05-24 13:30:00,1914600
1038,35.78,37.19,35.68,36.7,ok,2019-05-28 13:30:00,5491100
1039,33.67,37.0,33.11,36.92,ok,2019-05-29 13:30:00,13079900
1040,34.25,34.48,33.51,33.64,ok,2019-05-30 13:30:00,3615500
1041,34.51,34.55,33.34,33.68,ok,2019-05-31 13:30:00,3563500
1042,35.69,36.07,34.35,34.64,ok,2019-06-03 13:30:00,3563500
1043,36.73,36.88,36.02,36.14,ok,2019-06-04 13:30:00,1987800
1044,36.16,36.9,35.58,36.81,ok,2019-06-05 13:30:00,2388300
1045,35.74,36.21,35.39,36.08,ok,2019-06-06 13:30:00,2596600
1046,35.18,35.93,34.92,35.92,ok,2019-06-07 13:30:00,1925000
1047,35.44,35.81,34.92,35.42,ok,2019-06-10 13:30:00,2066800
1048,34.81,35.89,34.74,35.58,ok,2019-06-11 13:30:00,3063500
1049,34.29,34.9,33.89,34.7,ok,2019-06-12 13:30:00,3047000
1050,33.37,34.38,33.35,34.24,ok,2019-06-13 13:30:00,3392500
1051,33.92,34.05,33.17,33.45,ok,2019-06-14 13:30:00,2873400
1052,34.21,34.52,33.79,33.9,ok,2019-06-17 13:30:00,2254500
1053,33.86,34.74,33.63,34.3,ok,2019-06-18 13:30:00,1885000
1054,33.85,33.89,33.2,33.87,ok,2019-06-19 13:30:00,1700200
1055,33.95,34.24,33.14,34.16,ok,2019-06-20 13:30:00,2536600
1056,34.17,34.53,33.61,33.74,ok,2019-06-21 13:30:00,3531700
1057,33.93,34.23,33.58,34.15,ok,2019-06-24 13:30:00,1902800
1058,34.04,34.27,33.68,34.06,ok,2019-06-25 13:30:00,2283100
1059,33.74,34.32,33.74,34.1,ok,2019-06-26 13:30:00,2804100
1060,34.26,34.42,33.45,34.0,ok,2019-06-27 13:30:00,1732600
1061,34.63,34.88,34.2,34.36,ok,2019-06-28 13:30:00,2662100
1062,34.99,35.44,34.86,34.92,ok,2019-07-01 13:30:00,1773800
1063,34.74,35.19,34.45,35.09,ok,2019-07-02 13:30:00,1627800
1064,35.6,35.62,34.78,34.86,ok,2019-07-03 13:30:00,626500
1065,36.74,36.74,35.31,35.42,ok,2019-07-05 13:30:00,1941500
1066,36.91,37.08,36.35,36.59,ok,2019-07-08 13:30:00,2600900
1067,36.01,37.13,35.99,36.78,ok,2019-07-09 13:30:00,2589100
1068,35.9,36.22,34.99,36.19,ok,2019-07-10 13:30:00,1983300
1069,36.0,36.26,35.72,35.9,ok,2019-07-11 13:30:00,1469700
1070,37.21,37.46,36.07,36.07,ok,2019-07-12 13:30:00,1746900
1071,37.74,37.77,37.02,37.21,ok,2019-07-15 13:30:00,1488200
1072,37.75,38.08,37.4,37.71,ok,2019-07-16 13:30:00,1823400
1073,37.92,38.0,37.35,37.92,ok,2019-07-17 13:30:00,1169800
1074,37.58,37.79,37.23,37.69,ok,2019-07-18 13:30:00,1395400
1075,37.13,37.71,37.09,37.64,ok,2019-07-19 13:30:00,1265300
1076,37.47,37.72,37.15,37.29,ok,2019-07-22 13:30:00,1392800
1077,38.55,38.58,37.27,37.57,ok,2019-07-23 13:30:00,1499900
1078,38.07,39.24,37.88,38.49,ok,2019-07-24 13:30:00,2756500
1079,37.12,38.27,37.07,37.98,ok,2019-07-25 13:30:00,1622000
1080,37.49,37.63,36.59,37.29,ok,2019-07-26 13:30:00,1163400
1081,37.38,38.0,37.07,37.4,ok,2019-07-29 13:30:00,1011100
1082,37.3,37.38,36.45,36.94,ok,2019-07-30 13:30:00,887200
1083,37.17,37.68,36.63,37.42,ok,2019-07-31 13:30:00,1271200
1084,34.86,37.3,34.42,37.3,ok,2019-08-01 13:30:00,2917700
1085,33.79,35.14,33.4,34.76,ok,2019-08-02 13:30:00,2520300
1086,33.53,33.73,31.89,33.15,ok,2019-08-05 13:30:00,2980600
1087,33.67,34.0,32.99,33.78,ok,2019-08-06 13:30:00,1582600
1088,32.37,33.41,32.1,33.16,ok,2019-08-07 13:30:00,2794100
1089,33.84,33.97,32.56,32.58,ok,2019-08-08 13:30:00,2213400
1090,32.57,33.92,32.38,33.75,ok,2019-08-09 13:30:00,2334000
1091,33.27,33.32,32.17,32.19,ok,2019-08-12 13:30:00,1935500
1092,33.15,34.94,32.73,33.0,ok,2019-08-13 13:30:00,2071700
1093,32.46,32.93,31.54,32.47,ok,2019-08-14 13:30:00,1750700
1094,31.48,32.76,31.27,32.58,ok,2019-08-15 13:30:00,1923700
1095,32.17,32.27,31.52,31.63,ok,2019-08-16 13:30:00,1320900
1096,32.99,33.41,31.27,32.76,ok,2019-08-19 13:30:00,1603500
1097,32.37,33.04,32.18,32.65,ok,2019-08-20 13:30:00,2527200
1098,32.97,33.37,32.37,32.76,ok,2019-08-21 13:30:00,4824100
1099,34.15,36.62,33.83,35.97,ok,2019-08-22 13:30:00,13121600
1100,32.37,33.89,32.34,33.74,ok,2019-08-23 13:30:00,4682300
1101,34.02,34.1,31.81,32.62,ok,2019-08-26 13:30:00,5022600
1102,33.85,34.44,33.59,34.16,ok,2019-08-27 13:30:00,3449900
1103,34.25,34.58,33.5,33.71,ok,2019-08-28 13:30:00,2332200
1104,34.66,34.88,34.07,34.58,ok,2019-08-29 13:30:00,2064500
1105,34.04,34.91,33.97,34.74,ok,2019-08-30 13:30:00,2641800
1106,33.89,34.28,33.43,33.73,ok,2019-09-03 13:30:00,2283200
1107,34.92,35.05,33.97,34.28,ok,2019-09-04 13:30:00,2449200
1108,35.94,36.2,35.24,35.36,ok,2019-09-05 13:30:00,2456900
1109,35.48,36.43,35.33,36.04,ok,2019-09-06 13:30:00,1539100
1110,37.49,37.58,35.26,35.46,ok,2019-09-09 13:30:00,2794300
1111,38.09,38.3,37.39,37.43,ok,2019-09-10 13:30:00,3113800
1112,38.92,38.96,37.12,38.21,ok,2019-09-11 13:30:00,2000000
1113,38.61,39.0,37.65,38.67,ok,2019-09-12 13:30:00,1792500
1114,39.0,39.63,38.51,39.01,ok,2019-09-13 13:30:00,1700200
1115,38.55,39.07,38.17,38.25,ok,2019-09-16 13:30:00,1394200
1116,38.49,38.57,37.54,38.39,ok,2019-09-17 13:30:00,2506100
1117,37.55,38.9,37.31,38.9,ok,2019-09-18 13:30:00,2035400
1118,37.54,38.11,37.21,37.67,ok,2019-09-19 13:30:00,1611200
1119,37.81,38.42,37.37,37.71,ok,2019-09-20 13:30:00,2196500
1120,38.66,38.88,37.7,37.7,ok,2019-09-23 13:30:00,2054700
1121,38.6,38.97,38.2,38.87,ok,2019-09-24 13:30:00,1694800
1122,39.48,39.57,38.61,38.79,ok,2019-09-25 13:30:00,2107200
1123,39.79,39.83,39.13,39.47,ok,2019-09-26 13:30:00,1766900
1124,40.28,41.09,39.88,40.07,ok,2019-09-27 13:30:00,3147300
1125,40.81,41.01,40.04,40.4,ok,2019-09-30 13:30:00,1429000
1126,40.47,41.53,40.27,41.15,ok,2019-10-01 13:30:00,1321300
1127,39.36,40.38,39.33,40.22,ok,2019-10-02 13:30:00,1757200
1128,38.9,39.45,37.85,39.12,ok,2019-10-03 13:30:00,2166100
1129,38.77,39.23,38.35,38.96,ok,2019-10-04 13:30:00,1322400
1130,37.94,39.11,37.9,38.71,ok,2019-10-07 13:30:00,1894000
1131,38.39,38.86,37.2,37.41,ok,2019-10-08 13:30:00,1791000
1132,38.9,39.12,38.2,38.72,ok,2019-10-09 13:30:00,1401300
1133,39.2,39.86,39.02,39.02,ok,2019-10-10 13:30:00,1782200
1134,39.41,39.86,39.18,39.59,ok,2019-10-11 13:30:00,1619700
1135,38.19,39.48,37.97,39.4,ok,2019-10-14 13:30:00,1558900
1136,38.93,39.16,38.08,38.5,ok,2019-10-15 13:30:00,1473400
1137,38.78,39.17,38.47,38.79,ok,2019-10-16 13:30:00,1069500
1138,39.17,39.37,38.95,38.95,ok,2019-10-17 13:30:00,1526100
1139,39.8,39.94,38.57,38.57,ok,2019-10-18 13:30:00,1887900
1140,40.21,40.89,40.04,40.38,ok,2019-10-21 13:30:00,1860900
1141,40.43,40.69,39.63,40.37,ok,2019-10-22 13:30:00,1345500
1142,40.09,40.58,40.01,40.42,ok,2019-10-23 13:30:00,1188900
1143,39.92,40.6,39.6,40.42,ok,2019-10-24 13:30:00,1502700
1144,40.36,40.84,40.06,40.52,ok,2019-10-25 13:30:00,1524500
1145,39.2,41.25,39.13,40.67,ok,2019-10-28 13:30:00,2552400
1146,39.64,40.17,38.67,39.05,ok,2019-10-29 13:30:00,1677500
1147,39.41,39.79,39.13,39.65,ok,2019-10-30 13:30:00,1538000
1148,38.93,39.6,38.28,39.56,ok,2019-10-31 13:30:00,1620000
1149,38.65,39.33,38.23,39.14,ok,2019-11-01 13:30:00,1778700
1150,39.42,39.45,38.7,38.74,ok,2019-11-04 14:30:00,1090000
1151,40.35,40.76,39.59,39.59,ok,2019-11-05 14:30:00,2007200
1152,40.94,41.05,39.85,40.19,ok,2019-11-06 14:30:00,2071300
1153,41.39,41.59,41.07,41.25,ok,2019-11-07 14:30:00,2157000
1154,41.13,41.39,40.75,41.18,ok,2019-11-08 14:30:00,2077900
1155,40.88,41.27,40.37,40.87,ok,2019-11-11 14:30:00,1190100
1156,40.24,40.8,39.99,40.8,ok,2019-11-12 14:30:00,1203400
1157,40.18,40.81,40.04,40.26,ok,2019-11-13 14:30:00,1414700
1158,40.33,40.62,40.15,40.25,ok,2019-11-14 14:30:00,1114800
1159,40.86,41.03,40.28,40.57,ok,2019-11-15 14:30:00,1278300
1160,41.53,41.61,40.71,41.39,ok,2019-11-18 14:30:00,1868000
1161,40.11,41.65,39.98,41.17,ok,2019-11-19 14:30:00,2187600
1162,39.75,40.21,39.22,39.99,ok,2019-11-20 14:30:00,2287100
1163,38.9,40.15,38.81,39.83,ok,2019-11-21 14:30:00,1688300
1164,39.41,40.1,39.21,39.25,ok,2019-11-22 14:30:00,2351800
1165,39.43,40.42,39.06,40.41,ok,2019-11-25 14:30:00,4969900
1166,46.77,47.79,43.53,43.91,ok,2019-11-26 14:30:00,18580800
1167,45.89,47.29,45.75,47.24,ok,2019-11-27 14:30:00,5478500
1168,45.81,46.35,45.15,45.57,ok,2019-11-29 14:30:00,1778800
1169,46.11,46.45,44.65,45.85,ok,2019-12-02 14:30:00,2824100
1170,45.67,45.82,44.73,45.16,ok,2019-12-03 14:30:00,3498000
1171,45.75,46.26,45.58,45.87,ok,2019-12-04 14:30:00,1812500
1172,45.91,46.38,45.63,45.69,ok,2019-12-05 14:30:00,1225800
1173,46.2,46.74,45.97,46.24,ok,2019-12-06 14:30:00,1886700
1174,47.59,48.33,46.36,46.43,ok,2019-12-09 14:30:00,2989300
1175,48.18,48.4,47.14,47.45,ok,2019-12-10 14:30:00,1669900
1176,48.17,48.78,47.95,48.18,ok,2019-12-11 14:30:00,1685400
1177,48.49,48.65,47.5,47.78,ok,2019-12-12 14:30:00,1325600
1178,47.92,48.39,47.35,48.32,ok,2019-12-13 14:30:00,2031200
1179,47.18,48.34,47.09,48.2,ok,2019-12-16 14:30:00,1621700
1180,47.45,47.53,46.95,47.25,ok,2019-12-17 14:30:00,1769800
1181,47.42,47.92,47.42,47.49,ok,2019-12-18 14:30:00,1330900
1182,47.32,47.72,46.99,47.67,ok,2019-12-19 14:30:00,1296700
1183,47.3,47.52,46.73,47.45,ok,2019-12-20 14:30:00,2148000
1184,47.13,47.41,46.6,47.3,ok,2019-12-23 14:30:00,1778000
1185,47.47,47.56,47.0,47.33,ok,2019-12-24 14:30:00,718000
1186,47.69,47.73,47.17,47.56,ok,2019-12-26 14:30:00,1307200
1187,48.22,48.52,47.5,47.61,ok,2019-12-27 14:30:00,1640500
1188,48.97,49.26,48.02,48.2,ok,2019-12-30 14:30:00,1517900
1189,49.49,49.8,49.08,49.1,ok,2019-12-31 14:30:00,1607000
1190,48.22,49.76,47.79,49.73,ok,2020-01-02 14:30:00,1929200
1191,47.64,48.21,47.48,47.69,ok,2020-01-03 14:30:00,1489400
1192,48.05,48.28,47.37,47.63,ok,2020-01-06 14:30:00,1617700
1193,48.27,48.66,47.57,47.91,ok,2020-01-07 14:30:00,1145900
1194,48.59,48.84,48.19,48.34,ok,2020-01-08 14:30:00,1372700
1195,48.2,48.8,47.9,48.69,ok,2020-01-09 14:30:00,1380100
1196,48.25,48.94,47.7,48.01,ok,2020-01-10 14:30:00,1185600
1197,49.23,49.26,47.8,48.38,ok,2020-01-13 14:30:00,1368600
1198,49.4,49.5,48.78,49.5,ok,2020-01-14 14:30:00,1257700
1199,48.45,49.29,47.88,49.0,ok,2020-01-15 14:30:00,1915900
1200,48.74,49.15,48.51,48.65,ok,2020-01-16 14:30:00,1053600
1201,48.24,48.96,48.01,48.94,ok,2020-01-17 14:30:00,808800
1202,47.82,48.48,47.47,48.22,ok,2020-01-21 14:30:00,1266800
1203,47.9,48.45,47.74,48.02,ok,2020-01-22 14:30:00,973200
1204,46.96,47.75,45.85,47.5,ok,2020-01-23 14:30:00,1842600
1205,45.93,47.09,45.65,46.97,ok,2020-01-24 14:30:00,1545600
1206,46.47,46.87,44.96,45.29,ok,2020-01-27 14:30:00,1271300
1207,46.23,46.74,45.67,46.64,ok,2020-01-28 14:30:00,1274100
1208,46.33,46.75,45.95,46.33,ok,2020-01-29 14:30:00,1008400
1209,45.43,46.37,45.33,46.11,ok,2020-01-30 14:30:00,1038600
1210,44.23,45.44,44.12,45.34,ok,2020-01-31 14:30:00,1365500
1211,43.91,45.15,43.84,44.39,ok,2020-02-03 14:30:00,1801200
1212,43.61,44.62,43.45,44.33,ok,2020-02-04 14:30:00,1609700
1213,45.45,45.6,43.75,43.86,ok,2020-02-05 14:30:00,1740700
1214,45.92,46.73,45.51,45.57,ok,2020-02-06 14:30:00,1282900
1215,44.22,46.18,43.77,45.77,ok,2020-02-07 14:30:00,1625300
1216,43.75,44.74,43.61,44.17,ok,2020-02-10 14:30:00,1267000
1217,44.06,44.53,43.27,43.5,ok,2020-02-11 14:30:00,1370600
1218,45.21,45.48,44.38,44.39,ok,2020-02-12 14:30:00,1688100
1219,44.77,45.09,44.14,44.95,ok,2020-02-13 14:30:00,1259500
1220,44.07,45.27,44.04,44.79,ok,2020-02-14 14:30:00,931800
1221,43.46,44.33,42.93,43.85,ok,2020-02-18 14:30:00,1460000
1222,43.31,43.77,42.85,43.51,ok,2020-02-19 14:30:00,1459600
1223,43.43,43.83,42.97,43.23,ok,2020-02-20 14:30:00,1837400
1224,42.36,43.64,42.05,43.29,ok,2020-02-21 14:30:00,1916400
1225,41.4,41.94,41.07,41.36,ok,2020-02-24 14:30:00,2520600
1226,40.71,42.37,40.65,41.69,ok,2020-02-25 14:30:00,1863900
1227,38.87,41.37,38.8,41.0,ok,2020-02-26 14:30:00,3026800
1228,37.55,39.04,36.94,38.01,ok,2020-02-27 14:30:00,2460500
1229,36.41,36.85,35.65,36.56,ok,2020-02-28 14:30:00,2725200
1230,36.48,36.79,35.16,36.79,ok,2020-03-02 14:30:00,1871200
1231,35.17,37.0,34.77,36.4,ok,2020-03-03 14:30:00,1792700
1232,35.95,36.0,34.84,35.61,ok,2020-03-04 14:30:00,1520800
1233,34.16,35.35,33.36,35.2,ok,2020-03-05 14:30:00,2145400
1234,34.98,35.17,32.7,33.16,ok,2020-03-06 14:30:00,2217400
1235,34.48,35.0,32.14,32.61,ok,2020-03-09 13:30:00,4248900
1236,35.87,39.14,33.66,38.17,ok,2020-03-10 13:30:00,7295100
1237,30.56,35.24,30.44,34.93,ok,2020-03-11 13:30:00,3985300
1238,27.0,29.12,25.77,28.95,ok,2020-03-12 13:30:00,3579300
1239,26.92,28.76,24.59,28.32,ok,2020-03-13 13:30:00,4193000
1240,21.19,23.51,20.51,23.5,ok,2020-03-16 13:30:00,3204600
1241,18.6,21.9,18.01,21.57,ok,2020-03-17 13:30:00,3390200
1242,16.87,19.14,13.46,18.04,ok,2020-03-18 13:30:00,4262100
1243,18.61,18.87,14.34,16.15,ok,2020-03-19 13:30:00,4300400
1244,16.81,18.91,16.6,18.65,ok,2020-03-20 13:30:00,3208000
1245,17.03,17.85,14.48,16.58,ok,2020-03-23 13:30:00,3854800
1246,19.55,19.92,17.51,18.53,ok,2020-03-24 13:30:00,3099700
1247,20.88,21.85,18.88,19.86,ok,2020-03-25 13:30:00,3460900
1248,21.99,23.1,20.56,21.32,ok,2020-03-26 13:30:00,2734400
1249,21.74,22.18,19.99,20.87,ok,2020-03-27 13:30:00,2153200
1250,22.14,22.23,19.82,21.39,ok,2020-03-30 13:30:00,2300200
1251,21.26,22.29,21.01,22.08,ok,2020-03-31 13:30:00,2000100
1252,17.78,20.23,17.67,19.83,ok,2020-04-01 13:30:00,2890700
1253,18.71,19.07,17.66,17.72,ok,2020-04-02 13:30:00,1570500
1254,18.32,18.47,17.52,18.35,ok,2020-04-03 13:30:00,2034800
1255,22.19,22.44,19.02,19.3,ok,2020-04-06 13:30:00,3831600
1256,23.85,26.14,23.49,24.24,ok,2020-04-07 13:30:00,4290000
1257,25.43,26.07,23.91,24.1,ok,2020-04-08 13:30:00,2580500
1258,27.58,27.78,26.08,26.5,ok,2020-04-09 13:30:00,4149000
